title,placeId,categoryName,categories/0,address,city,neighborhood,street,postalCode,location/lat,location/lng,totalScore,reviewsCount,reviewsDistribution/fiveStar,reviewsDistribution/fourStar,reviewsDistribution/threeStar,reviewsDistribution/twoStar,reviewsDistribution/oneStar,phone,website,permanentlyClosed,temporarilyClosed,wasOpenAtScrapeTime,isAdvertisement,searchString,rank,scrapedAt,imagesCount,url,is_rated,open_status,city_clean
مطعم بابا عبدة,ChIJS_eEWQBXWBQReOVNWKzB1X8,Restaurant,Restaurant,"XWRF+7C5, First 6th of October, Giza Governorate 3230430, Egypt",First 6th of October,Not provided,XWRF+7C5,3230430,29.9905712,30.9228645,5.0,2,2,0,0,0,0,Not provided,Not provided,False,False,,False,مطعم,1,2026-09-23T10:03:01.336Z,0,https://www.google.com/maps/search/?api=1&query=%D9%85%D8%B7%D8%B9%D9%85%20%D8%A8%D8%A7%D8%A8%D8%A7%20%D8%B9%D8%A8%D8%AF%D8%A9&query_place_id=ChIJS_eEWQBXWBQReOVNWKzB1X8,True,Unknown,6th of October City
Awafi Cafe & Restaurant,ChIJUbL69DVXWBQRBwEYo4vCFvQ,Restaurant,Restaurant,"Jamal Abdulnasser Street, First 6th of October, Giza Governorate 12552, Egypt",First 6th of October,Not provided,Jamal Abdulnasser Street,12552,29.9902128,30.9432829,4.7,258,215,18,14,5,6,+20 10 62683733,https://shorturl.at/nsI2X,False,False,True,False,مطعم,2,2026-09-23T10:03:01.337Z,301,https://www.google.com/maps/search/?api=1&query=Awafi%20Cafe%20%26%20Restaurant&query_place_id=ChIJUbL69DVXWBQRBwEYo4vCFvQ,True,Open,6th of October City
ON-Q,ChIJb1P8bQBXWBQRqhkvkB1G0sE,Restaurant,Restaurant,"Amaken plaza mall، التوسعات الشماليه, First 6th of October, Giza Governorate 3231026, Egypt",First 6th of October,Not provided,Amaken plaza mall، التوسعات الشماليه,,29.9829862,30.9212955,4.9,36,34,1,0,0,1,Not provided,Not provided,False,False,True,False,مطعم,3,2026-09-23T10:03:01.337Z,32,https://www.google.com/maps/search/?api=1&query=ON-Q&query_place_id=ChIJb1P8bQBXWBQRqhkvkB1G0sE,True,Open,6th of October City
Medan El Sham Resturant,ChIJmS24VP9WWBQRolWmBg_Ra4M,Syrian restaurant,Syrian restaurant,"XWJR+2Q8, Mecca El-Mokarrama, First 6th of October, Giza Governorate 3231423, Egypt",First 6th of October,First 6th of October,"XWJR+2Q8, Mecca El-Mokarrama",,29.9800467,30.9419454,4.1,2154,1111,498,292,88,165,+20 10 64533558,Not provided,False,False,True,False,مطعم,4,2026-09-23T10:03:01.338Z,225,https://www.google.com/maps/search/?api=1&query=Medan%20El%20Sham%20Resturant&query_place_id=ChIJmS24VP9WWBQRolWmBg_Ra4M,True,Open,6th of October City
مطعم ابو مروان المصري,ChIJPYjrifZXWBQRg_BRlf8AfH8,Restaurant,Restaurant,"XWMG+84V، جمال عبدالناصر الى الريهام, الجيزة, First 6th of October, Giza Governorate 3231050, Egypt",First 6th of October,الجيزة,XWMG+84V، جمال عبدالناصر الى الريهام,3231050,29.983372,30.9252955,4.5,13,10,0,2,1,0,+20 10 32006711,Not provided,False,False,False,False,مطعم,5,2026-09-23T10:03:01.338Z,3,https://www.google.com/maps/search/?api=1&query=%D9%85%D8%B7%D8%B9%D9%85%20%D8%A7%D8%A8%D9%88%20%D9%85%D8%B1%D9%88%D8%A7%D9%86%20%D8%A7%D9%84%D9%85%D8%B5%D8%B1%D9%8A&query_place_id=ChIJPYjrifZXWBQRg_BRlf8AfH8,True,Closed,6th of October City
مطاعم الشبراوي الاتحاد التعاوني,ChIJt80h80VXWBQRpWz4T4O-5l8,Takeout Restaurant,Takeout Restaurant,"الاتحاد التعاوني, 6th of October City (2), Giza Governorate 3224231, Egypt",6th of October City (2),Not provided,الاتحاد التعاوني,,29.9755045,30.9011807,4.7,11,10,0,0,1,0,+20 11 10601062,Not provided,False,False,True,False,مطعم,6,2026-09-23T10:03:01.338Z,15,https://www.google.com/maps/search/?api=1&query=%D9%85%D8%B7%D8%A7%D8%B9%D9%85%20%D8%A7%D9%84%D8%B4%D8%A8%D8%B1%D8%A7%D9%88%D9%8A%20%D8%A7%D9%84%D8%A7%D8%AA%D8%AD%D8%A7%D8%AF%20%D8%A7%D9%84%D8%AA%D8%B9%D8%A7%D9%88%D9%86%D9%8A&query_place_id=ChIJt80h80VXWBQRpWz4T4O-5l8,True,Open,6th of October City
مطعم ليالي الشام,ChIJd2vbbQBXWBQRBtgLEHrk8Xg,Restaurant,Restaurant,"XWJJ+J2V, First 6th of October, Giza Governorate 3231065, Egypt",First 6th of October,Not provided,XWJJ+J2V,,29.9816153,30.9300374,4.0,14,9,2,0,0,3,Not provided,Not provided,False,False,True,False,مطعم,7,2026-09-23T10:03:01.338Z,1,https://www.google.com/maps/search/?api=1&query=%D9%85%D8%B7%D8%B9%D9%85%20%D9%84%D9%8A%D8%A7%D9%84%D9%8A%20%D8%A7%D9%84%D8%B4%D8%A7%D9%85&query_place_id=ChIJd2vbbQBXWBQRBtgLEHrk8Xg,True,Open,6th of October City
مندي الخليج مطعم وكافيه - Mandi Al Khaleej,ChIJN5brhA5XWBQR_1KLxLUTMio,Arab restaurant,Arab restaurant,"المجاوره الثانية امام, آل يحيى، Halab, First 6th of October, Giza Governorate 12566, Egypt",First 6th of October,First 6th of October,"المجاوره الثانية امام, آل يحيى، Halab",12566,29.9659223,30.9415089,4.9,14,13,0,1,0,0,+20 10 90261901,https://www.tiktok.com/@mandialkhaleej,False,False,,False,مطعم,8,2026-09-23T10:03:01.338Z,6,https://www.google.com/maps/search/?api=1&query=%D9%85%D9%86%D8%AF%D9%8A%20%D8%A7%D9%84%D8%AE%D9%84%D9%8A%D8%AC%20%D9%85%D8%B7%D8%B9%D9%85%20%D9%88%D9%83%D8%A7%D9%81%D9%8A%D9%87%20-%20Mandi%20Al%20Khaleej&query_place_id=ChIJN5brhA5XWBQR_1KLxLUTMio,True,Unknown,6th of October City
مطعم الكبير قوي,ChIJZaD2grpXWBQRZ619NEm7iUY,Restaurant,Restaurant,"XWMG+886 مول فستيفال ستي, Gamal Abd Al Nassir Axis, First 6th of October, Giza Governorate 3231050, Egypt",First 6th of October,Not provided,"XWMG+886 مول فستيفال ستي, Gamal Abd Al Nassir Axis",,29.9832898,30.9257553,4.4,16,13,0,1,1,1,Not provided,Not provided,False,False,True,False,مطعم,9,2026-09-23T10:03:01.338Z,8,https://www.google.com/maps/search/?api=1&query=%D9%85%D8%B7%D8%B9%D9%85%20%D8%A7%D9%84%D9%83%D8%A8%D9%8A%D8%B1%20%D9%82%D9%88%D9%8A&query_place_id=ChIJZaD2grpXWBQRZ619NEm7iUY,True,Open,6th of October City
prato restaurant,ChIJ3yhhCwBXWBQRAJRr3agmQjo,Fast food restaurant,Fast food restaurant,"XWJJ+M46, First 6th of October, Giza Governorate 3231065, Egypt",First 6th of October,Not provided,XWJJ+M46,,29.9816722,30.9302785,4.8,22,20,0,2,0,0,Not provided,Not provided,False,False,,False,مطعم,10,2026-09-23T10:03:01.339Z,25,https://www.google.com/maps/search/?api=1&query=prato%20restaurant&query_place_id=ChIJ3yhhCwBXWBQRAJRr3agmQjo,True,Unknown,6th of October City
مطعم حضرم للمأكولات اليمنية و الخليجية و المشويات,ChIJCZtUjIVXWBQR3jsjpyZepRA,Restaurant,Restaurant,"عمائر سوليمار ، خلف مسجد الحصري و مكتبة الجامعة امام, Al Hossary Park, ٥ و, First 6th of October, Giza Governorate 12566, Egypt",First 6th of October,First 6th of October,"عمائر سوليمار ، خلف مسجد الحصري و مكتبة الجامعة امام, Al Hossary Park, ٥ و",12566,29.971978,30.9404571,4.8,10,8,2,0,0,0,+20 11 07639518,Not provided,False,False,True,False,مطعم,11,2026-09-23T10:03:01.339Z,24,https://www.google.com/maps/search/?api=1&query=%D9%85%D8%B7%D8%B9%D9%85%20%D8%AD%D8%B6%D8%B1%D9%85%20%D9%84%D9%84%D9%85%D8%A3%D9%83%D9%88%D9%84%D8%A7%D8%AA%20%D8%A7%D9%84%D9%8A%D9%85%D9%86%D9%8A%D8%A9%20%D9%88%20%D8%A7%D9%84%D8%AE%D9%84%D9%8A%D8%AC%D9%8A%D8%A9%20%D9%88%20%D8%A7%D9%84%D9%85%D8%B4%D9%88%D9%8A%D8%A7%D8%AA&query_place_id=ChIJCZtUjIVXWBQR3jsjpyZepRA,True,Open,6th of October City
Decastro Cafe Restaurant,ChIJGTIdER5XWBQRLth06gH_hoM,Restaurant,Restaurant,"el-Hai L sabe3 EL—Ordonia, Giza Governorate, Egypt",First 6th of October,First 6th of October,el-Hai L sabe3 EL—Ordonia,,29.9800939,30.9416743,4.6,116,87,18,6,4,1,+20 11 02236639,Not provided,False,False,True,False,مطعم,12,2026-09-23T10:03:01.339Z,11,https://www.google.com/maps/search/?api=1&query=Decastro%20Cafe%20Restaurant&query_place_id=ChIJGTIdER5XWBQRLth06gH_hoM,True,Open,6th of October City
مطعم وكافيه خيال,ChIJi-SvPABZWBQRVr88xT4449g,Restaurant,Restaurant,"2XW9+MF3 Mazar Park, Gamal Abd El-Nasir, First 6th of October, Giza Governorate 3241201, Egypt",First 6th of October,Not provided,"2XW9+MF3 Mazar Park, Gamal Abd El-Nasir",3241201,29.990016,30.9416499,4.6,76,62,6,2,0,6,+20 10 00105920,https://www.khayalcafe.com/,False,False,,False,مطعم,13,2026-09-23T10:03:01.339Z,55,https://www.google.com/maps/search/?api=1&query=%D9%85%D8%B7%D8%B9%D9%85%20%D9%88%D9%83%D8%A7%D9%81%D9%8A%D9%87%20%D8%AE%D9%8A%D8%A7%D9%84&query_place_id=ChIJi-SvPABZWBQRVr88xT4449g,True,Unknown,6th of October City
مطعم فات فوود,ChIJM3GcMh5VWBQR8y9g2Ah15-A,Hamburger restaurant,Hamburger restaurant,"بجوار المفوضة - سنت الدالى, First 6th of October, Giza Governorate 12563, Egypt",First 6th of October,Not provided,بجوار المفوضة - سنت الدالى,12563,29.9827827,30.9378822,5.0,43,43,0,0,0,0,+20 11 20134348,Not provided,False,False,False,False,مطعم,14,2026-09-23T10:03:01.339Z,53,https://www.google.com/maps/search/?api=1&query=%D9%85%D8%B7%D8%B9%D9%85%20%D9%81%D8%A7%D8%AA%20%D9%81%D9%88%D9%88%D8%AF&query_place_id=ChIJM3GcMh5VWBQR8y9g2Ah15-A,True,Closed,6th of October City
مطعم مكانك كافيه و مطعم Makanak cafe and restaurant,ChIJKSBpXgBXWBQRbAO1KsVF-cs,Restaurant,Restaurant,"XWVW+6WW, First 6th of October, Giza Governorate 3231542, Egypt",First 6th of October,Not provided,XWVW+6WW,,29.9931168,30.9473172,4.9,18,17,0,1,0,0,Not provided,Not provided,False,False,,False,مطعم,16,2026-09-23T10:03:01.339Z,3,https://www.google.com/maps/search/?api=1&query=%D9%85%D8%B7%D8%B9%D9%85%20%D9%85%D9%83%D8%A7%D9%86%D9%83%20%D9%83%D8%A7%D9%81%D9%8A%D9%87%20%D9%88%20%D9%85%D8%B7%D8%B9%D9%85%20Makanak%20cafe%20and%20restaurant&query_place_id=ChIJKSBpXgBXWBQRbAO1KsVF-cs,True,Unknown,6th of October City
فيش كورنر,ChIJaasXNdBXWBQRx9QTJlWJ6XY,Seafood restaurant,Seafood restaurant,"First 6th of October, Giza Governorate 3231216, Egypt",First 6th of October,Not provided,Not provided,,29.9870031,30.9342299,4.1,48,29,9,2,2,6,+20 10 09231818,Not provided,False,False,True,False,مطعم,17,2026-09-23T10:03:01.339Z,68,https://www.google.com/maps/search/?api=1&query=%D9%81%D9%8A%D8%B4%20%D9%83%D9%88%D8%B1%D9%86%D8%B1&query_place_id=ChIJaasXNdBXWBQRx9QTJlWJ6XY,True,Open,6th of October City
مطعم القاضي,ChIJx3sxMgBXWBQRiiaFZrgK9L4,Restaurant,Restaurant,"XWVM+G76 موال اطلاله، التوسعات الشماليه, First 6th of October, Giza Governorate 3231241, Egypt",First 6th of October,Not provided,XWVM+G76 موال اطلاله، التوسعات الشماليه,,29.993789,30.9331459,5.0,1,1,0,0,0,0,Not provided,Not provided,False,False,,False,مطعم,18,2026-09-23T10:03:01.339Z,0,https://www.google.com/maps/search/?api=1&query=%D9%85%D8%B7%D8%B9%D9%85%20%D8%A7%D9%84%D9%82%D8%A7%D8%B6%D9%8A&query_place_id=ChIJx3sxMgBXWBQRiiaFZrgK9L4,True,Unknown,6th of October City
Pastarito restaurant مطعم باستاريتو,ChIJfZc7D39XWBQRBQam65NPwDU,Restaurant,Restaurant,"First 6th of October, Giza Governorate 3232022, Egypt",First 6th of October,First 6th of October,Not provided,,29.9708689,30.9392283,4.8,140,129,6,2,0,3,+20 15 52920595,https://vatrin.app/pastarito/#products-106,False,False,False,False,مطعم,19,2026-09-23T10:03:01.339Z,28,https://www.google.com/maps/search/?api=1&query=Pastarito%20restaurant%20%D9%85%D8%B7%D8%B9%D9%85%20%D8%A8%D8%A7%D8%B3%D8%AA%D8%A7%D8%B1%D9%8A%D8%AA%D9%88&query_place_id=ChIJfZc7D39XWBQRBQam65NPwDU,True,Closed,6th of October City
مطعم حضر موت و البخاري,ChIJOUFyYHtXWBQRW2bdOgFxC18,Family restaurant,Family restaurant,"Street 6, First 6th of October, Giza Governorate 3231065, Egypt",First 6th of October,Not provided,Street 6,,29.9816043,30.9302607,4.2,491,274,101,72,14,30,+20 12 22241998,Not provided,False,False,True,False,مطعم,20,2026-09-23T10:03:01.340Z,98,https://www.google.com/maps/search/?api=1&query=%D9%85%D8%B7%D8%B9%D9%85%20%D8%AD%D8%B6%D8%B1%20%D9%85%D9%88%D8%AA%20%D9%88%20%D8%A7%D9%84%D8%A8%D8%AE%D8%A7%D8%B1%D9%8A&query_place_id=ChIJOUFyYHtXWBQRW2bdOgFxC18,True,Open,6th of October City
The Club Cafe,ChIJD79eJABXWBQRA2VRNrTAO_c,Coffee shop,Coffee shop,"2W45+H43, Boulevard Rd, First 6th of October, Giza Governorate 3223440, Egypt",First 6th of October,Not provided,"2W45+H43, Boulevard Rd",3223440,30.0061727,30.9076735,5.0,16,16,0,0,0,0,+20 10 40031469,https://www.instagram.com/the_club_cafee?igsh=dmcyejN2YTB1dTBu,False,False,True,False,food ,1,2026-09-23T10:03:01.428Z,8,https://www.google.com/maps/search/?api=1&query=The%20Club%20Cafe&query_place_id=ChIJD79eJABXWBQRA2VRNrTAO_c,True,Open,6th of October City
Mamdouh’s Crib,ChIJcR3NYABXWBQRhzJoJLm5dI4,Coffee shop,Coffee shop,"2W35+GCQ, First 6th of October, Giza Governorate 3223452, Egypt",First 6th of October,Not provided,2W35+GCQ,3223452,30.0034092,30.9090049,5.0,1,1,0,0,0,0,Not provided,Not provided,False,False,,False,food ,2,2026-09-23T10:03:01.428Z,0,https://www.google.com/maps/search/?api=1&query=Mamdouh%E2%80%99s%20Crib&query_place_id=ChIJcR3NYABXWBQRhzJoJLm5dI4,True,Unknown,6th of October City
Meal Factory,ChIJ0wiWSgBXWBQRgY7wwJalTIs,Fast food restaurant,Fast food restaurant,"First 6th of October, Giza Governorate 3231571, Egypt",First 6th of October,Not provided,Not provided,,29.994346,30.949815,4.9,230,220,8,1,1,0,+20 10 25555726,http://www.mealfactoryeg.com/,False,False,True,False,food ,4,2026-09-23T10:03:01.429Z,277,https://www.google.com/maps/search/?api=1&query=Meal%20Factory&query_place_id=ChIJ0wiWSgBXWBQRgY7wwJalTIs,True,Open,6th of October City
Chickin Worx - تشيكن وركس,ChIJm4mP71hXWBQR4fpGYXh-Cik,Fast food restaurant,Fast food restaurant,"Park Way Mall, July 26 Axis, First 6th of October, Giza Governorate 12573, Egypt",First 6th of October,First 6th of October,"Park Way Mall, July 26 Axis",12573,29.9927604,30.9585087,4.9,13421,12953,335,61,11,61,+20 10 10351999,http://www.chickinworx.com/,False,False,True,False,food ,5,2026-09-23T10:03:01.429Z,1028,https://www.google.com/maps/search/?api=1&query=Chickin%20Worx%20-%20%D8%AA%D8%B4%D9%8A%D9%83%D9%86%20%D9%88%D8%B1%D9%83%D8%B3&query_place_id=ChIJm4mP71hXWBQR4fpGYXh-Cik,True,Open,6th of October City
Bakes N' More,ChIJt_bYbxdXWBQRe3yX61-6oo4,Bakery,Bakery,"2W45+H6G, Boulevard Rd, First 6th of October, Giza Governorate 3223440, Egypt",First 6th of October,Not provided,"2W45+H6G, Boulevard Rd",,30.0064497,30.9080856,3.9,7,5,0,0,0,2,Not provided,Not provided,False,False,,False,food ,6,2026-09-23T10:03:01.429Z,4,https://www.google.com/maps/search/?api=1&query=Bakes%20N'%20More&query_place_id=ChIJt_bYbxdXWBQRe3yX61-6oo4,True,Unknown,6th of October City
Nood,ChIJnf354npXWBQRip-j_hcKomM,Asian restaurant,Asian restaurant,"High Town Mall, Gamal Abd El Naser St, First 6th of October, Giza Governorate 3231065, Egypt",First 6th of October,Not provided,"High Town Mall, Gamal Abd El Naser St",,29.9816131,30.9294624,4.6,31,27,1,0,0,3,+20 10 39848840,http://noodegypt.com/,False,False,False,False,food ,7,2026-09-23T10:03:01.429Z,42,https://www.google.com/maps/search/?api=1&query=Nood&query_place_id=ChIJnf354npXWBQRip-j_hcKomM,True,Closed,6th of October City
Queen N,ChIJ6y5NPQBXWBQRlI6GdDfnRkA,Restaurant,Restaurant,"XWRW+G2M, Gamal Abd El-Nasir, First 6th of October, Giza Governorate 3231541, Egypt",First 6th of October,Not provided,"XWRW+G2M, Gamal Abd El-Nasir",,29.9913404,30.9450501,4.9,15,14,1,0,0,0,Not provided,Not provided,False,False,,False,food ,8,2026-09-23T10:03:01.429Z,20,https://www.google.com/maps/search/?api=1&query=Queen%20N&query_place_id=ChIJ6y5NPQBXWBQRlI6GdDfnRkA,True,Unknown,6th of October City
Castello,ChIJNxxOPgBXWBQRkAOckZkUtw4,Restaurant,Restaurant,"2W45+G42, First 6th of October, Giza Governorate 3223440, Egypt",First 6th of October,Not provided,2W45+G42,,30.0062737,30.907762,5.0,2,2,0,0,0,0,+20 10 23584046,Not provided,False,True,False,False,food ,9,2026-09-23T10:03:01.429Z,8,https://www.google.com/maps/search/?api=1&query=Castello&query_place_id=ChIJNxxOPgBXWBQRkAOckZkUtw4,True,Closed,6th of October City
كمبش حسني الكبابجي-Kambsh Hossny El Kababgy,ChIJ0bfNuihXWBQRffHi6CJtssU,Restaurant,Restaurant,"ممشي جرين بارك امام سور نادي, First 6th of October, Giza Governorate 12566, Egypt",First 6th of October,First 6th of October,ممشي جرين بارك امام سور نادي,12566,29.9829685,30.9523533,4.6,39,33,1,3,0,2,+20 11 11184478,https://www.facebook.com/profile.php?id=61587171184375,False,False,True,False,food ,10,2026-09-23T10:03:01.429Z,116,https://www.google.com/maps/search/?api=1&query=%D9%83%D9%85%D8%A8%D8%B4%20%D8%AD%D8%B3%D9%86%D9%8A%20%D8%A7%D9%84%D9%83%D8%A8%D8%A7%D8%A8%D8%AC%D9%8A-Kambsh%20Hossny%20El%20Kababgy&query_place_id=ChIJ0bfNuihXWBQRffHi6CJtssU,True,Open,6th of October City
GFC food truck,ChIJmSC8YW9XWBQRRP__uz28-T0,Restaurant,Restaurant,"XWJR+V3M, First 6th of October, Giza Governorate 3231411, Egypt",First 6th of October,First 6th of October,XWJR+V3M,,29.9822044,30.9401758,4.8,5,4,1,0,0,0,+20 15 51222508,https://instagram.com/gfc.sandwiches?igshid=OGQ5ZDc2ODk2ZA==,False,False,True,False,food ,11,2026-09-23T10:03:01.429Z,0,https://www.google.com/maps/search/?api=1&query=GFC%20food%20truck&query_place_id=ChIJmSC8YW9XWBQRRP__uz28-T0,True,Open,6th of October City
Garage Food Park,ChIJgYuBejBXWBQRE2uJD78Orlg,Restaurant,Restaurant,"Adeer Plaza , Waslet Dahshour , Zaid Gate 6, 6 October City, Giza Governorate 12857, Egypt",First 6th of October,First 6th of October,"Adeer Plaza , Waslet Dahshour , Zaid Gate 6, 6 October City",12857,29.9829457,30.9737638,5.0,5,5,0,0,0,0,+20 12 24775331,Not provided,False,False,True,False,food ,14,2026-09-23T10:03:01.429Z,34,https://www.google.com/maps/search/?api=1&query=Garage%20Food%20Park&query_place_id=ChIJgYuBejBXWBQRE2uJD78Orlg,True,Open,6th of October City
Hunter fried chicken and burger,ChIJYzvO9mdXWBQRNsOdUI9SFOM,Fast food restaurant,Fast food restaurant,"السادس من أكتوبر،, First 6th of October, Egypt",First 6th of October,Not provided,السادس من أكتوبر،,,29.9901164,30.9430873,4.1,223,138,37,11,12,25,+20 10 07596677,Not provided,False,False,True,False,food ,15,2026-09-23T10:03:01.430Z,60,https://www.google.com/maps/search/?api=1&query=Hunter%20fried%20chicken%20and%20burger&query_place_id=ChIJYzvO9mdXWBQRNsOdUI9SFOM,True,Open,6th of October City
Food Court at Mall of Arabia,ChIJUdgvV0RXWBQRuIm_SUBOKJU,Food court,Food court,"First 6th of October, Giza Governorate 3236220, Egypt",First 6th of October,Not provided,Not provided,,30.0054851,30.9727097,4.2,7790,4227,1942,1096,260,265,Not provided,Not provided,False,False,True,False,food ,18,2026-09-23T10:03:01.430Z,726,https://www.google.com/maps/search/?api=1&query=Food%20Court%20at%20Mall%20of%20Arabia&query_place_id=ChIJUdgvV0RXWBQRuIm_SUBOKJU,True,Open,6th of October City
Tairy,ChIJjV8gcQBXWBQRX_AgF9KzZdc,Coffee shop,Coffee shop,"XWJJ+J2V, First 6th of October, Giza Governorate 3230723, Egypt",First 6th of October,Not provided,XWJJ+J2V,3230723,29.9816201,30.9299925,4.4,29,24,1,0,0,4,Not provided,Not provided,False,False,True,False,food ,19,2026-09-23T10:03:01.430Z,169,https://www.google.com/maps/search/?api=1&query=Tairy&query_place_id=ChIJjV8gcQBXWBQRX_AgF9KzZdc,True,Open,6th of October City
McDonald's Palm Strip 6th October,ChIJtWmyb0ZXWBQR0a9KviagzTQ,Fast food restaurant,Fast food restaurant,"جانب جامعة مصر للعلوم و التكنولوجيا-6أكتوبر, East of Somied, beside MUST and Technology, 6 of October غرب سوميد-متفرع من المحور المركزي, Egypt",First 6th of October,First 6th of October,"جانب جامعة مصر للعلوم و التكنولوجيا-6أكتوبر, East of Somied, beside MUST and Technology, 6 of October غرب سوميد-متفرع من المحور المركزي",,29.9913679,30.9667178,4.2,1256,760,262,90,35,109,+20 2 21600377,https://www.mcdelivery.eg/,False,False,True,False,food ,20,2026-09-23T10:03:01.430Z,104,https://www.google.com/maps/search/?api=1&query=McDonald's%20Palm%20Strip%206th%20October&query_place_id=ChIJtWmyb0ZXWBQR0a9KviagzTQ,True,Open,6th of October City
Ala Kefak Restaurant,ChIJmZcF2-hVWBQRNbBO94oMmfM,Restaurant,Restaurant,"122 Ibrahim Al Mazni - Al Akhbar, 6th of October City (2), Giza Governorate 12115, Egypt",6th of October City (2),Not provided,122 Ibrahim Al Mazni - Al Akhbar,12115,29.9380337,30.9138309,4.6,5,3,2,0,0,0,+20 11 59553408,Not provided,False,False,True,False,restaurant,1,2026-09-23T10:03:05.405Z,0,https://www.google.com/maps/search/?api=1&query=Ala%20Kefak%20Restaurant&query_place_id=ChIJmZcF2-hVWBQRNbBO94oMmfM,True,Open,6th of October City
Lazezo Cafee Restaurant,ChIJNWmrGtpVWBQRQrcm9IWZIt8,Restaurant,Restaurant,"WWRH+8R3, Abd Al Salam Amin - Al Salam St, First 6th of October, 6th of October City (2), Giza Governorate 3226160, Egypt",6th of October City (2),First 6th of October,"WWRH+8R3, Abd Al Salam Amin - Al Salam St",,29.9407667,30.929536,3.9,47,21,12,8,1,5,+20 11 45257699,Not provided,False,False,True,False,restaurant,2,2026-09-23T10:03:05.405Z,2,https://www.google.com/maps/search/?api=1&query=Lazezo%20Cafee%20Restaurant&query_place_id=ChIJNWmrGtpVWBQRQrcm9IWZIt8,True,Open,6th of October City
Olive & Oil Restaurant,ChIJmZcF2-hVWBQRMHYgHIpM3Nw,Restaurant,Restaurant,"6th of October City (2), Giza Governorate 3225210, Egypt",6th of October City (2),Not provided,Not provided,,29.938126,30.91398,3.8,5,2,2,0,0,1,+20 11 10008608,Not provided,False,False,True,False,restaurant,3,2026-09-23T10:03:05.405Z,5,https://www.google.com/maps/search/?api=1&query=Olive%20%26%20Oil%20Restaurant&query_place_id=ChIJmZcF2-hVWBQRMHYgHIpM3Nw,True,Open,6th of October City
Um Hassan Sudanese Restaurant,ChIJj2hTSMJVWBQRQ0YM4_gi44s,Restaurant,Restaurant,"33 Ibrahim Abd Al Kader Al Mazni - Al Issaaf, 6th of October City (2), Giza Governorate 3225233, Egypt",6th of October City (2),Not provided,33 Ibrahim Abd Al Kader Al Mazni - Al Issaaf,,29.9339529,30.9207249,3.8,42,23,6,4,1,8,Not provided,Not provided,False,False,True,False,restaurant,4,2026-09-23T10:03:05.405Z,6,https://www.google.com/maps/search/?api=1&query=Um%20Hassan%20Sudanese%20Restaurant&query_place_id=ChIJj2hTSMJVWBQRQ0YM4_gi44s,True,Open,6th of October City
Ezzo Restaurant,ChIJmZcF2-hVWBQRSZHgO8LGYwI,Restaurant,Restaurant,"122 Ibrahim Al Mazni - Al Akhbar, 6th of October City (2), Giza Governorate 12115, Egypt",6th of October City (2),Not provided,122 Ibrahim Al Mazni - Al Akhbar,12115,29.9380216,30.9139218,,0,0,0,0,0,0,+20 11 16691117,Not provided,False,False,,False,restaurant,5,2026-09-23T10:03:05.406Z,0,https://www.google.com/maps/search/?api=1&query=Ezzo%20Restaurant&query_place_id=ChIJmZcF2-hVWBQRSZHgO8LGYwI,False,Unknown,6th of October City
El Captain Restaurant,ChIJmZcF2-hVWBQRu_3SmsVbyuM,Restaurant,Restaurant,"122 Ibrahim Al Mazni - Al Akhbar, 6th of October City (2), Giza Governorate 12115, Egypt",6th of October City (2),Not provided,122 Ibrahim Al Mazni - Al Akhbar,12115,29.9380216,30.9139218,,0,0,0,0,0,0,+20 2 38312196,Not provided,False,False,,False,restaurant,6,2026-09-23T10:03:05.406Z,0,https://www.google.com/maps/search/?api=1&query=El%20Captain%20Restaurant&query_place_id=ChIJmZcF2-hVWBQRu_3SmsVbyuM,False,Unknown,6th of October City
X-Large Restaurant - مطعم إكس لارچ,ChIJPUwUuuZXWBQRDNYNqNjy3Lo,Middle Eastern restaurant,Middle Eastern restaurant,"XW58+4WQ, First 6th of October, 6th of October City (2), Giza Governorate 12855, Egypt",6th of October City (2),First 6th of October,XW58+4WQ,12855,29.9578205,30.9174689,4.5,4,3,0,1,0,0,+20 15 54737286,Not provided,False,False,True,False,restaurant,7,2026-09-23T10:03:05.406Z,0,https://www.google.com/maps/search/?api=1&query=X-Large%20Restaurant%20-%20%D9%85%D8%B7%D8%B9%D9%85%20%D8%A5%D9%83%D8%B3%20%D9%84%D8%A7%D8%B1%DA%86&query_place_id=ChIJPUwUuuZXWBQRDNYNqNjy3Lo,True,Open,6th of October City
Umm Mohamed Restaurant,ChIJmZcF2-hVWBQR6Az92DKW0wo,Restaurant,Restaurant,"122 Ibrahim Al Mazni - Al Akhbar, 6th of October City (2), Giza Governorate 12115, Egypt",6th of October City (2),Not provided,122 Ibrahim Al Mazni - Al Akhbar,12115,29.9380216,30.9139218,,0,0,0,0,0,0,+20 10 68865139,Not provided,False,False,,False,restaurant,8,2026-09-23T10:03:05.406Z,0,https://www.google.com/maps/search/?api=1&query=Umm%20Mohamed%20Restaurant&query_place_id=ChIJmZcF2-hVWBQR6Az92DKW0wo,False,Unknown,6th of October City
كشري وحلواني السلطان,ChIJAZrpuWBVWBQRiSeY6w4h1jk,Restaurant,Restaurant,"WWQF+436, Dolci, 6th of October City (2), Giza Governorate 3225267, Egypt",6th of October City (2),Not provided,"WWQF+436, Dolci",,29.9377947,30.9226548,4.1,436,246,86,52,16,36,+20 10 68515542,https://www.facebook.com/kushuriSultanOctober/,False,False,True,False,restaurant,21,2026-09-23T10:03:06.035Z,58,https://www.google.com/maps/search/?api=1&query=%D9%83%D8%B4%D8%B1%D9%8A%20%D9%88%D8%AD%D9%84%D9%88%D8%A7%D9%86%D9%8A%20%D8%A7%D9%84%D8%B3%D9%84%D8%B7%D8%A7%D9%86&query_place_id=ChIJAZrpuWBVWBQRiSeY6w4h1jk,True,Open,6th of October City
Malek,ChIJpyRVbgBVWBQRu1PmSGupDDA,Breakfast restaurant,Breakfast restaurant,"WWVF+M8C, First 6th of October, 6th of October City (2), Giza Governorate 3225501, Egypt",6th of October City (2),First 6th of October,WWVF+M8C,3225501,29.94414,30.9233739,5.0,1,1,0,0,0,0,Not provided,Not provided,False,False,,False,restaurant,22,2026-09-23T10:03:06.035Z,0,https://www.google.com/maps/search/?api=1&query=Malek&query_place_id=ChIJpyRVbgBVWBQRu1PmSGupDDA,True,Unknown,6th of October City
مطعم حضرموت اكتوبر,ChIJFcMYfjBVWBQR0reDl-OgmUY,Meat dish restaurant,Meat dish restaurant,"Emtedad Al Central, First 6th of October, 6th of October City (2), Giza Governorate 3226134, Egypt",6th of October City (2),First 6th of October,Emtedad Al Central,,29.9368469,30.9281298,3.9,235,118,42,34,14,27,+20 10 15222287,https://www.facebook.com/profile.php?id=100093494822228&mibextid=ZbWKwL,False,False,True,False,restaurant,23,2026-09-23T10:03:06.035Z,420,https://www.google.com/maps/search/?api=1&query=%D9%85%D8%B7%D8%B9%D9%85%20%D8%AD%D8%B6%D8%B1%D9%85%D9%88%D8%AA%20%D8%A7%D9%83%D8%AA%D9%88%D8%A8%D8%B1&query_place_id=ChIJFcMYfjBVWBQR0reDl-OgmUY,True,Open,6th of October City
جولدن رنجة,ChIJX81QfwBVWBQRNtOD27_V65U,Fast food restaurant,Fast food restaurant,"1861 Street 15, First 6th of October, 6th of October City (2), Giza Governorate 3225802, Egypt",6th of October City (2),First 6th of October,1861 Street 15,3225802,29.9460789,30.9283553,5.0,1,1,0,0,0,0,Not provided,https://www.facebook.com/share/1YKzPCg1em/?mibextid=wwXIfr,False,False,,False,restaurant,25,2026-09-23T10:03:06.035Z,13,https://www.google.com/maps/search/?api=1&query=%D8%AC%D9%88%D9%84%D8%AF%D9%86%20%D8%B1%D9%86%D8%AC%D8%A9&query_place_id=ChIJX81QfwBVWBQRNtOD27_V65U,True,Unknown,6th of October City
بيتزا ميلانو,ChIJ-RSucQBVWBQRqu0kBqT1rMo,Pizza restaurant,Pizza restaurant,"شارع ابو الوفاء الرئيسي, عمارات عصفور الجنة، First 6th of October, 6th of October City (2), Giza Governorate 3226172, Egypt",6th of October City (2),First 6th of October,"شارع ابو الوفاء الرئيسي, عمارات عصفور الجنة",3226172,29.9407206,30.9354306,5.0,2,2,0,0,0,0,+20 10 10537935,Not provided,False,False,True,False,restaurant,26,2026-09-23T10:03:06.035Z,5,https://www.google.com/maps/search/?api=1&query=%D8%A8%D9%8A%D8%AA%D8%B2%D8%A7%20%D9%85%D9%8A%D9%84%D8%A7%D9%86%D9%88&query_place_id=ChIJ-RSucQBVWBQRqu0kBqT1rMo,True,Open,6th of October City
Pizzahot,ChIJQ5rpWQBVWBQRZHwGgoPsOx8,Pizza restaurant,Pizza restaurant,"WWV7+2Q4, Abbas El-Akad, 6th of October City (2), Giza Governorate 3225152, Egypt",6th of October City (2),Not provided,"WWV7+2Q4, Abbas El-Akad",,29.9425047,30.9144671,5.0,2,2,0,0,0,0,Not provided,Not provided,False,False,,False,restaurant,27,2026-09-23T10:03:06.035Z,0,https://www.google.com/maps/search/?api=1&query=Pizzahot&query_place_id=ChIJQ5rpWQBVWBQRZHwGgoPsOx8,True,Unknown,6th of October City
قمر الشام,ChIJKblQLVBVWBQR15gZxaeRkGE,Restaurant,Restaurant,"305 Street 36, First 6th of October, 6th of October City (2), Giza Governorate 3225297, Egypt",6th of October City (2),First 6th of October,305 Street 36,,29.9378218,30.9268667,3.6,30,15,3,5,0,7,+20 10 23425457,Not provided,False,False,True,False,restaurant,28,2026-09-23T10:03:06.035Z,2,https://www.google.com/maps/search/?api=1&query=%D9%82%D9%85%D8%B1%20%D8%A7%D9%84%D8%B4%D8%A7%D9%85&query_place_id=ChIJKblQLVBVWBQR15gZxaeRkGE,True,Open,6th of October City
Golden Renga,ChIJ3zUWCABVWBQRB3CMERZ5g4Y,Fast food restaurant,Fast food restaurant,"WWWH+97W, First 6th of October, Giza Governorate 3225510, Egypt",First 6th of October,First 6th of October,WWWH+97W,,29.9459938,30.9282149,5.0,1,1,0,0,0,0,Not provided,https://www.facebook.com/share/1YKzPCg1em/?mibextid=wwXIfrqw,False,False,,False,restaurant,29,2026-09-23T10:03:06.035Z,2,https://www.google.com/maps/search/?api=1&query=Golden%20Renga&query_place_id=ChIJ3zUWCABVWBQRB3CMERZ5g4Y,True,Unknown,6th of October City
مطعم الخيمة,ChIJDyG6N3xVWBQRK_LBI23Pcuc,Fast food restaurant,Fast food restaurant,"جواد حسني، ثان 6 اكتوبر،, Giza Governorate, Egypt",6th of October City (2),Not provided,جواد حسني، ثان 6 اكتوبر،,,29.9385153,30.9180412,4.6,8,6,1,1,0,0,+20 11 50283259,Not provided,False,False,True,False,restaurant,30,2026-09-23T10:03:06.035Z,4,https://www.google.com/maps/search/?api=1&query=%D9%85%D8%B7%D8%B9%D9%85%20%D8%A7%D9%84%D8%AE%D9%8A%D9%85%D8%A9&query_place_id=ChIJDyG6N3xVWBQRK_LBI23Pcuc,True,Open,6th of October City
اسماك الصياد,ChIJ6XVCWKpVWBQR-1MKX47RRzY,Seafood restaurant,Seafood restaurant,"6 اكتوبر/ الحى السادس /السوق القديم / امام مدخل، المستقبل،، الجيزه, Egypt",6th of October City (2),First 6th of October,6 اكتوبر/ الحى السادس /السوق القديم / امام مدخل، المستقبل،، الجيزه,,29.9369272,30.9279188,3.9,48,26,7,6,1,8,+20 10 67009604,Not provided,False,False,True,False,restaurant,31,2026-09-23T10:03:06.035Z,25,https://www.google.com/maps/search/?api=1&query=%D8%A7%D8%B3%D9%85%D8%A7%D9%83%20%D8%A7%D9%84%D8%B5%D9%8A%D8%A7%D8%AF&query_place_id=ChIJ6XVCWKpVWBQR-1MKX47RRzY,True,Open,6th of October City
احلي لقمة,ChIJNwafgblVWBQR-18HzPgvCLU,Restaurant,Restaurant,"كول, سنتر وادي الملكة - امام, Mobarak School, Giza Governorate 12566, Egypt",6th of October City (2),Not provided,"كول, سنتر وادي الملكة - امام, Mobarak School",12566,29.9427491,30.9147257,3.0,1,0,0,1,0,0,+20 15 54224014,Not provided,False,False,,False,restaurant,32,2026-09-23T10:03:06.035Z,2,https://www.google.com/maps/search/?api=1&query=%D8%A7%D8%AD%D9%84%D9%8A%20%D9%84%D9%82%D9%85%D8%A9&query_place_id=ChIJNwafgblVWBQR-18HzPgvCLU,True,Unknown,6th of October City
مطعم خيمه جملي,ChIJudv1KgBVWBQRznLdaSmJj2Y,Family restaurant,Family restaurant,"ميدان فودفون, قرية المختار، 6th of October City (2), Giza Governorate 3225302, Egypt",6th of October City (2),Not provided,"ميدان فودفون, قرية المختار",,29.9476942,30.9154558,3.0,2,1,0,0,0,1,+20 10 70678287,Not provided,False,False,True,False,restaurant,33,2026-09-23T10:03:06.036Z,0,https://www.google.com/maps/search/?api=1&query=%D9%85%D8%B7%D8%B9%D9%85%20%D8%AE%D9%8A%D9%85%D9%87%20%D8%AC%D9%85%D9%84%D9%8A&query_place_id=ChIJudv1KgBVWBQRznLdaSmJj2Y,True,Open,6th of October City
Sheikh Elsiaden Seafood,ChIJoTFN-P9VWBQRP3IYA_ynar0,Seafood restaurant,Seafood restaurant,"كول امام كشري قدوره سنتر وادي الملكه, الحي السادس سوق الخضار بجوار مدرسه مبارك, Street 6, Giza Governorate, Egypt",6th of October City (2),Not provided,"كول امام كشري قدوره سنتر وادي الملكه, الحي السادس سوق الخضار بجوار مدرسه مبارك, Street 6",,29.9423037,30.9147006,4.0,1,0,1,0,0,0,+20 12 25555613,https://sheikhelsiaden.com/,False,False,True,False,restaurant,34,2026-09-23T10:03:06.036Z,19,https://www.google.com/maps/search/?api=1&query=Sheikh%20Elsiaden%20Seafood&query_place_id=ChIJoTFN-P9VWBQRP3IYA_ynar0,True,Open,6th of October City
بروست كبابجي الباشا,ChIJ73uTRZ1VWBQRWv7e-GlzLj0,Family restaurant,Family restaurant,"شارع الكهرباء، قسم أول 6 أكتوبر، اول 6 أكتوبر، الجيزة،، قسم أول 6 أكتوبر، اول 6 أكتوبر، الجيزة،, Egypt",6th of October City (2),First 6th of October,شارع الكهرباء، قسم أول 6 أكتوبر، اول 6 أكتوبر، الجيزة،، قسم أول 6 أكتوبر، اول 6 أكتوبر، الجيزة،,,29.9405413,30.9376435,4.1,40,23,7,4,1,5,+20 10 27912024,Not provided,False,False,,False,restaurant,35,2026-09-23T10:03:06.036Z,6,https://www.google.com/maps/search/?api=1&query=%D8%A8%D8%B1%D9%88%D8%B3%D8%AA%20%D9%83%D8%A8%D8%A7%D8%A8%D8%AC%D9%8A%20%D8%A7%D9%84%D8%A8%D8%A7%D8%B4%D8%A7&query_place_id=ChIJ73uTRZ1VWBQRWv7e-GlzLj0,True,Unknown,6th of October City
مشويات الطيب,ChIJFUDpSABXWBQRkBQCfn_yBqk,Chicken restaurant,Chicken restaurant,"WWXH+GW6, Mohmmed Imad Rageb - Al Tahrir St, First 6th of October, 6th of October City (2), Giza Governorate 3225810, Egypt",6th of October City (2),First 6th of October,"WWXH+GW6, Mohmmed Imad Rageb - Al Tahrir St",3225810,29.948853,30.9297032,5.0,9,9,0,0,0,0,+20 10 65871982,Not provided,False,False,,False,restaurant,36,2026-09-23T10:03:06.036Z,1,https://www.google.com/maps/search/?api=1&query=%D9%85%D8%B4%D9%88%D9%8A%D8%A7%D8%AA%20%D8%A7%D9%84%D8%B7%D9%8A%D8%A8&query_place_id=ChIJFUDpSABXWBQRkBQCfn_yBqk,True,Unknown,6th of October City
حضرموت اكتوبر,ChIJDTTzEQBXWBQRfRRWws7sW-I,Barbecue restaurant,Barbecue restaurant,"WWX7+3CP, Vodafone Square, 6th of October City (2), Giza Governorate 3225162, Egypt",6th of October City (2),Not provided,"WWX7+3CP, Vodafone Square",,29.9477197,30.913578,4.1,7,4,2,0,0,1,+20 11 10035785,Not provided,False,False,,False,restaurant,37,2026-09-23T10:03:06.036Z,10,https://www.google.com/maps/search/?api=1&query=%D8%AD%D8%B6%D8%B1%D9%85%D9%88%D8%AA%20%D8%A7%D9%83%D8%AA%D9%88%D8%A8%D8%B1&query_place_id=ChIJDTTzEQBXWBQRfRRWws7sW-I,True,Unknown,6th of October City
مطعم ماكولات الشام,ChIJJ9dWxeRVWBQRpW7Nga0_ZEg,Fast food restaurant,Fast food restaurant,"6th of October City (2), Giza Governorate 3225153, Egypt",6th of October City (2),Not provided,Not provided,,29.9414474,30.9144048,5.0,1,1,0,0,0,0,+20 10 63970472,Not provided,False,False,False,False,restaurant,39,2026-09-23T10:03:06.037Z,9,https://www.google.com/maps/search/?api=1&query=%D9%85%D8%B7%D8%B9%D9%85%20%D9%85%D8%A7%D9%83%D9%88%D9%84%D8%A7%D8%AA%20%D8%A7%D9%84%D8%B4%D8%A7%D9%85&query_place_id=ChIJJ9dWxeRVWBQRpW7Nga0_ZEg,True,Closed,6th of October City
Helal fesh,ChIJk4x2EgBVWBQRBrsjHYEyKt0,Seafood restaurant,Seafood restaurant,"WWWH+88H عقد أول الخزان, First 6th of October, 6th of October City (2), Giza Governorate 3225510, Egypt",6th of October City (2),First 6th of October,WWWH+88H عقد أول الخزان,,29.9458118,30.9283683,5.0,2,2,0,0,0,0,+20 10 06822838,Not provided,False,False,,False,restaurant,40,2026-09-23T10:03:06.037Z,0,https://www.google.com/maps/search/?api=1&query=Helal%20fesh&query_place_id=ChIJk4x2EgBVWBQRBrsjHYEyKt0,True,Unknown,6th of October City
فراخ ابو اية,ChIJmwpiHgBVWBQRTqub5NmLeEE,Chicken restaurant,Chicken restaurant,"WWR7+H6F, Abbas El-Akad, First 6th of October, 6th of October City (2), Giza Governorate 3225151, Egypt",6th of October City (2),First 6th of October,"WWR7+H6F, Abbas El-Akad",3225151,29.941435,30.913051,3.0,3,1,0,1,0,1,Not provided,Not provided,False,False,,False,restaurant,41,2026-09-23T10:03:06.871Z,7,https://www.google.com/maps/search/?api=1&query=%D9%81%D8%B1%D8%A7%D8%AE%20%D8%A7%D8%A8%D9%88%20%D8%A7%D9%8A%D8%A9&query_place_id=ChIJmwpiHgBVWBQRTqub5NmLeEE,True,Unknown,6th of October City
مطعم الحريف,ChIJCx4IAuZVWBQRLgqf5P-bTnM,Falafel restaurant,Falafel restaurant,"إبراهيم عبد القادر المزني،6 اكتوبر، الحي السادس قسم, Giza Governorate, Egypt",6th of October City (2),Not provided,إبراهيم عبد القادر المزني،6 اكتوبر، الحي السادس قسم,,29.9403447,30.9134357,4.5,4,3,0,1,0,0,+20 11 10360303,Not provided,False,False,True,False,restaurant,42,2026-09-23T10:03:06.871Z,40,https://www.google.com/maps/search/?api=1&query=%D9%85%D8%B7%D8%B9%D9%85%20%D8%A7%D9%84%D8%AD%D8%B1%D9%8A%D9%81&query_place_id=ChIJCx4IAuZVWBQRLgqf5P-bTnM,True,Open,6th of October City
United General Trading & Supplies,ChIJZXsINUBVWBQRzTg1NEAaWZM,Restaurant,Restaurant,"WWR7+HQC, 6th of October City (2), Giza Governorate 12573, Egypt",6th of October City (2),Not provided,WWR7+HQC,12573,29.9414475,30.9144048,,0,0,0,0,0,0,+20 10 00501467,Not provided,False,False,True,False,restaurant,43,2026-09-23T10:03:06.871Z,0,https://www.google.com/maps/search/?api=1&query=United%20General%20Trading%20%26%20Supplies&query_place_id=ChIJZXsINUBVWBQRzTg1NEAaWZM,False,Open,6th of October City
اسماك ابو هاني,ChIJo_AMQeBVWBQRrjTxcBKUMTw,Fish restaurant,Fish restaurant,"إبراهيم عبد القادر المازني،6 اكتوبر،قسم 6 ٦ أكتوبر, Giza Governorate, Egypt",6th of October City (2),Not provided,إبراهيم عبد القادر المازني،6 اكتوبر،قسم 6 ٦ أكتوبر,,29.9403519,30.913427,3.8,58,28,10,7,7,6,+20 10 01934942,Not provided,False,False,True,False,restaurant,44,2026-09-23T10:03:06.871Z,30,https://www.google.com/maps/search/?api=1&query=%D8%A7%D8%B3%D9%85%D8%A7%D9%83%20%D8%A7%D8%A8%D9%88%20%D9%87%D8%A7%D9%86%D9%8A&query_place_id=ChIJo_AMQeBVWBQRrjTxcBKUMTw,True,Open,6th of October City
شيف عزومات وحفلات وافراح واعياد ميلاد,ChIJneEuCjlVWBQRf3_6MZ1FWn4,Family restaurant,Family restaurant,"WWVF+3QM, First 6th of October, 6th of October City (2), Giza Governorate 3225503, Egypt",6th of October City (2),First 6th of October,WWVF+3QM,,29.9427064,30.9244185,3.5,2,1,0,0,1,0,Not provided,Not provided,False,False,,False,restaurant,46,2026-09-23T10:03:06.871Z,0,https://www.google.com/maps/search/?api=1&query=%D8%B4%D9%8A%D9%81%20%D8%B9%D8%B2%D9%88%D9%85%D8%A7%D8%AA%20%D9%88%D8%AD%D9%81%D9%84%D8%A7%D8%AA%20%D9%88%D8%A7%D9%81%D8%B1%D8%A7%D8%AD%20%D9%88%D8%A7%D8%B9%D9%8A%D8%A7%D8%AF%20%D9%85%D9%8A%D9%84%D8%A7%D8%AF&query_place_id=ChIJneEuCjlVWBQRf3_6MZ1FWn4,True,Unknown,6th of October City
توميه وعيش,ChIJAxWsNgBVWBQRXc7YcftmXF4,Fast food restaurant,Fast food restaurant,"عمارات عصفور الجنة، شارع أبو الوفا، الرئيسي, 6th of October City (2), Giza Governorate 3226172, Egypt",6th of October City (2),الرئيسي,عمارات عصفور الجنة، شارع أبو الوفا,,29.9404905,30.9358465,3.4,23,9,5,1,2,6,+20 12 00747324,Not provided,False,False,,False,restaurant,47,2026-09-23T10:03:06.871Z,16,https://www.google.com/maps/search/?api=1&query=%D8%AA%D9%88%D9%85%D9%8A%D9%87%20%D9%88%D8%B9%D9%8A%D8%B4&query_place_id=ChIJAxWsNgBVWBQRXc7YcftmXF4,True,Unknown,6th of October City
October fish,ChIJp_BiWgBVWBQR3KMbFSg_0yk,Fish restaurant,Fish restaurant,"WWR7+4CC, Ahmed Lotfy El-Sayed, 6th of October City (2), Giza Governorate 3225136, Egypt",6th of October City (2),Not provided,"WWR7+4CC, Ahmed Lotfy El-Sayed",3225136,29.9399981,30.9140152,,0,0,0,0,0,0,Not provided,Not provided,False,False,,False,restaurant,48,2026-09-23T10:03:06.871Z,0,https://www.google.com/maps/search/?api=1&query=October%20fish&query_place_id=ChIJp_BiWgBVWBQR3KMbFSg_0yk,False,Unknown,6th of October City
Fatfood,ChIJR_kmDABVWBQRqSZuUjvQRuE,American restaurant,American restaurant,"WWWH+HJF, Street 15, First 6th of October, 6th of October City (2), Giza Governorate 3225801, Egypt",6th of October City (2),First 6th of October,"WWWH+HJF, Street 15",3225801,29.946139,30.928111,,0,0,0,0,0,0,Not provided,Not provided,False,False,,False,restaurant,49,2026-09-23T10:03:06.871Z,0,https://www.google.com/maps/search/?api=1&query=Fatfood&query_place_id=ChIJR_kmDABVWBQRqSZuUjvQRuE,False,Unknown,6th of October City
دولسي,ChIJAShQWwBVWBQRWP4gq-gmXKI,Koshari restaurant,Koshari restaurant,"WWQF+548, Zaki Naguib Mahmoud, 6th of October City (2), Giza Governorate 3225290, Egypt",6th of October City (2),Not provided,"WWQF+548, Zaki Naguib Mahmoud",3225290,29.937903,30.922826,,0,0,0,0,0,0,Not provided,Not provided,False,False,,False,restaurant,50,2026-09-23T10:03:06.871Z,0,https://www.google.com/maps/search/?api=1&query=%D8%AF%D9%88%D9%84%D8%B3%D9%8A&query_place_id=ChIJAShQWwBVWBQRWP4gq-gmXKI,False,Unknown,6th of October City
مطعم الحليل,ChIJsaITJABVWBQRZCzsicrSd14,Fast food restaurant,Fast food restaurant,"1 Dolci, 6th of October City (2), Giza Governorate 3225290, Egypt",6th of October City (2),Not provided,1 Dolci,3225290,29.937947,30.9230087,4.0,1,0,1,0,0,0,+20 12 10207607,Not provided,False,False,True,False,restaurant,51,2026-09-23T10:03:06.871Z,8,https://www.google.com/maps/search/?api=1&query=%D9%85%D8%B7%D8%B9%D9%85%20%D8%A7%D9%84%D8%AD%D9%84%D9%8A%D9%84&query_place_id=ChIJsaITJABVWBQRZCzsicrSd14,True,Open,6th of October City
أسماك أولاد هلال,ChIJS3jklvZVWBQRifYidVkT6Y4,Seafood restaurant,Seafood restaurant,"WWR7+4CC, Ahmed Lotfy El-Sayed, 6th of October City (2), Giza Governorate 3225136, Egypt",6th of October City (2),Not provided,"WWR7+4CC, Ahmed Lotfy El-Sayed",,29.9403047,30.9135207,3.6,53,24,9,7,1,12,+20 11 15681915,Not provided,False,False,True,False,restaurant,52,2026-09-23T10:03:06.871Z,11,https://www.google.com/maps/search/?api=1&query=%D8%A3%D8%B3%D9%85%D8%A7%D9%83%20%D8%A3%D9%88%D9%84%D8%A7%D8%AF%20%D9%87%D9%84%D8%A7%D9%84&query_place_id=ChIJS3jklvZVWBQRifYidVkT6Y4,True,Open,6th of October City
بيتزا لاند,ChIJuRBnBQBVWBQRZ5hx8vMbCyk,Pizza Takeout,Pizza Takeout,"156 رقم 19، قسم أول 6 أكتوبر، اول 6 أكتوبر, 156 Street 19, First 6th of October, 6th of October City (2), Giza Governorate 3225325, Egypt",6th of October City (2),First 6th of October,"156 رقم 19، قسم أول 6 أكتوبر، اول 6 أكتوبر, 156 Street 19",3225325,29.9472069,30.9190253,3.9,8,5,0,1,1,1,+20 11 12224964,https://m.facebook.com/photo.php?fbid=122097363728040261,False,False,,False,restaurant,53,2026-09-23T10:03:06.872Z,0,https://www.google.com/maps/search/?api=1&query=%D8%A8%D9%8A%D8%AA%D8%B2%D8%A7%20%D9%84%D8%A7%D9%86%D8%AF&query_place_id=ChIJuRBnBQBVWBQRZ5hx8vMbCyk,True,Unknown,6th of October City
مطعم كبده متنقل,ChIJOR3wd0BVWBQRIEqTicQq79Q,Fast food restaurant,Fast food restaurant,"إبراهيم المازني - الاخبار، قسم ثان 6 أكتوبر،, Giza Governorate, Egypt",6th of October City (2),Not provided,إبراهيم المازني - الاخبار، قسم ثان 6 أكتوبر،,,29.9389168,30.9136092,4.3,3,2,0,1,0,0,Not provided,Not provided,False,False,,False,restaurant,54,2026-09-23T10:03:06.872Z,2,https://www.google.com/maps/search/?api=1&query=%D9%85%D8%B7%D8%B9%D9%85%20%D9%83%D8%A8%D8%AF%D9%87%20%D9%85%D8%AA%D9%86%D9%82%D9%84&query_place_id=ChIJOR3wd0BVWBQRIEqTicQq79Q,True,Unknown,6th of October City
El Emam Fishes,ChIJmZcF2-hVWBQReh5VhcmfWeQ,Seafood restaurant,Seafood restaurant,"122 Ibrahim Al Mazni - Al Akhbar, 6th of October City (2), Giza Governorate 12115, Egypt",6th of October City (2),Not provided,122 Ibrahim Al Mazni - Al Akhbar,12115,29.9379767,30.913968,2.8,4,1,1,0,0,2,+20 10 04063723,https://www.yellowpages.com.eg/ar/profile/%D8%A7%D8%B3%D9%85%D8%A7%D9%83-%D8%A7%D9%84%D8%A7%D9%85%D8%A7%D9%85/438992,False,False,True,False,restaurant,55,2026-09-23T10:03:06.872Z,0,https://www.google.com/maps/search/?api=1&query=El%20Emam%20Fishes&query_place_id=ChIJmZcF2-hVWBQReh5VhcmfWeQ,True,Open,6th of October City
أسماك الرحمة,ChIJIWvARvZVWBQRXCUQXTV_1IY,Seafood restaurant,Seafood restaurant,"First 6th of October, 6th of October City (2), Giza Governorate 3226210, Egypt",6th of October City (2),First 6th of October,Not provided,3226210,29.941339,30.9350666,3.1,12,4,1,3,0,4,+20 11 29381828,Not provided,False,False,True,False,restaurant,56,2026-09-23T10:03:06.872Z,1,https://www.google.com/maps/search/?api=1&query=%D8%A3%D8%B3%D9%85%D8%A7%D9%83%20%D8%A7%D9%84%D8%B1%D8%AD%D9%85%D8%A9&query_place_id=ChIJIWvARvZVWBQRXCUQXTV_1IY,True,Open,6th of October City
كبابجي وكريب النور,ChIJqUnbLwBVWBQRQmcMZbTMlJA,Barbecue restaurant,Barbecue restaurant,"WWR7+HQC, 6th of October City (2), Giza Governorate 3225153, Egypt",6th of October City (2),Not provided,WWR7+HQC,,29.9414474,30.9144048,,0,0,0,0,0,0,+20 10 12619480,Not provided,False,False,True,False,restaurant,57,2026-09-23T10:03:06.872Z,0,https://www.google.com/maps/search/?api=1&query=%D9%83%D8%A8%D8%A7%D8%A8%D8%AC%D9%8A%20%D9%88%D9%83%D8%B1%D9%8A%D8%A8%20%D8%A7%D9%84%D9%86%D9%88%D8%B1&query_place_id=ChIJqUnbLwBVWBQRQmcMZbTMlJA,False,Open,6th of October City
Best burger,ChIJc6AeBwBVWBQRlOO02CAAPr0,Hamburger restaurant,Hamburger restaurant,"Al-Kahraba St, First 6th of October, 6th of October City (2), Giza Governorate 3227002, Egypt",6th of October City (2),First 6th of October,Al-Kahraba St,,29.9357157,30.933924,,0,0,0,0,0,0,Not provided,Not provided,False,False,,False,restaurant,58,2026-09-23T10:03:06.872Z,0,https://www.google.com/maps/search/?api=1&query=Best%20burger&query_place_id=ChIJc6AeBwBVWBQRlOO02CAAPr0,False,Unknown,6th of October City
احد فروع مطاعم أبو حمزة Chicken Friesh,ChIJcSH1BaNVWBQRMz_TBgOrRNY,Chicken restaurant,Chicken restaurant,"Ahmed Lotfy El-Sayed, 6th of October City (2), Giza Governorate 12591, Egypt",6th of October City (2),Not provided,Ahmed Lotfy El-Sayed,12591,29.9409314,30.9132752,1.0,3,0,0,0,0,3,+20 11 11297049,https://www.facebook.com/profile.php?id=100090776290725&mibextid=ZbWKwL,False,False,True,False,restaurant,59,2026-09-23T10:03:06.872Z,4,https://www.google.com/maps/search/?api=1&query=%D8%A7%D8%AD%D8%AF%20%D9%81%D8%B1%D9%88%D8%B9%20%D9%85%D8%B7%D8%A7%D8%B9%D9%85%20%D8%A3%D8%A8%D9%88%20%D8%AD%D9%85%D8%B2%D8%A9%20Chicken%20Friesh&query_place_id=ChIJcSH1BaNVWBQRMz_TBgOrRNY,True,Open,6th of October City
مخزن مونفلورا,ChIJcUnsbABVWBQR_w4OHcmpd8Q,Fast food restaurant,Fast food restaurant,"WWWC+M89, Street 31, First 6th of October, 6th of October City (2), Giza Governorate 3225412, Egypt",6th of October City (2),First 6th of October,"WWWC+M89, Street 31",,29.9466637,30.9208686,,0,0,0,0,0,0,Not provided,Not provided,False,False,,False,restaurant,60,2026-09-23T10:03:06.872Z,0,https://www.google.com/maps/search/?api=1&query=%D9%85%D8%AE%D8%B2%D9%86%20%D9%85%D9%88%D9%86%D9%81%D9%84%D9%88%D8%B1%D8%A7&query_place_id=ChIJcUnsbABVWBQR_w4OHcmpd8Q,False,Unknown,6th of October City
مطعم الغواصه للمأكولات البحرية,ChIJF3oGXdlXWBQRGI03PVYwlEQ,Seafood restaurant,Seafood restaurant,"حمد, مطعم الغواصه للمأكولات البحرية.الحي الخامس، المجاورة التانية، شارع, Egypt",6th of October City (2),First 6th of October,"حمد, مطعم الغواصه للمأكولات البحرية.الحي الخامس، المجاورة التانية، شارع",,29.9500267,30.9183342,4.4,218,144,41,16,6,11,+20 10 19097706,https://www.facebook.com/Submarine.egy,False,False,True,False,مطعم,1,2026-09-23T10:03:07.095Z,43,https://www.google.com/maps/search/?api=1&query=%D9%85%D8%B7%D8%B9%D9%85%20%D8%A7%D9%84%D8%BA%D9%88%D8%A7%D8%B5%D9%87%20%D9%84%D9%84%D9%85%D8%A3%D9%83%D9%88%D9%84%D8%A7%D8%AA%20%D8%A7%D9%84%D8%A8%D8%AD%D8%B1%D9%8A%D8%A9&query_place_id=ChIJF3oGXdlXWBQRGI03PVYwlEQ,True,Open,6th of October City
مطعم المدينة الدمشقي ( chicken city ),ChIJS9ESvP9XWBQRVlHyTy_vib8,Western restaurant,Western restaurant,"First 6th of October, 6th of October City (2), Giza Governorate 3226134, Egypt",6th of October City (2),First 6th of October,Not provided,,29.9371937,30.9270796,4.5,26,20,3,1,1,1,+20 10 94501513,Not provided,False,False,True,False,مطعم,2,2026-09-23T10:03:07.095Z,29,https://www.google.com/maps/search/?api=1&query=%D9%85%D8%B7%D8%B9%D9%85%20%D8%A7%D9%84%D9%85%D8%AF%D9%8A%D9%86%D8%A9%20%D8%A7%D9%84%D8%AF%D9%85%D8%B4%D9%82%D9%8A%20(%20chicken%20city%20)&query_place_id=ChIJS9ESvP9XWBQRVlHyTy_vib8,True,Open,6th of October City
مطعم قصر المشويات,ChIJ4872YwBVWBQROgAQ4WJ9Rwg,Family restaurant,Family restaurant,"WWRM+HWV شارع ابو الوفا السادس, First 6th of October, 6th of October City (2), Giza Governorate 3226210, Egypt",6th of October City (2),First 6th of October,WWRM+HWV شارع ابو الوفا السادس,,29.9414941,30.9347873,5.0,2,2,0,0,0,0,Not provided,Not provided,False,False,,False,مطعم,4,2026-09-23T10:03:07.095Z,1,https://www.google.com/maps/search/?api=1&query=%D9%85%D8%B7%D8%B9%D9%85%20%D9%82%D8%B5%D8%B1%20%D8%A7%D9%84%D9%85%D8%B4%D9%88%D9%8A%D8%A7%D8%AA&query_place_id=ChIJ4872YwBVWBQROgAQ4WJ9Rwg,True,Unknown,6th of October City
جزارة ومطعم ومسمط الشويخي,ChIJm3SlSVJXWBQR0yQOmJuVnPk,Barbecue restaurant,Barbecue restaurant,"Street 22, First 6th of October, 6th of October City (2), Giza Governorate 3225422, Egypt",6th of October City (2),First 6th of October,Street 22,,29.9487208,30.9218731,4.5,43,34,2,4,0,3,+20 11 45206744,Not provided,False,False,True,False,مطعم,5,2026-09-23T10:03:07.095Z,42,https://www.google.com/maps/search/?api=1&query=%D8%AC%D8%B2%D8%A7%D8%B1%D8%A9%20%D9%88%D9%85%D8%B7%D8%B9%D9%85%20%D9%88%D9%85%D8%B3%D9%85%D8%B7%20%D8%A7%D9%84%D8%B4%D9%88%D9%8A%D8%AE%D9%8A&query_place_id=ChIJm3SlSVJXWBQR0yQOmJuVnPk,True,Open,6th of October City
مطعم نور,ChIJ_Ve4eK1XWBQRHbI77Rb9js8,Restaurant,Restaurant,"امام مدرسة الفاروق, Abd El-Salam Amin, First 6th of October, Giza Governorate 3233101, Egypt",First 6th of October,First 6th of October,"امام مدرسة الفاروق, Abd El-Salam Amin",,29.9498734,30.9391235,5.0,2,2,0,0,0,0,+20 11 27339656,Not provided,False,False,True,False,مطعم,6,2026-09-23T10:03:07.096Z,4,https://www.google.com/maps/search/?api=1&query=%D9%85%D8%B7%D8%B9%D9%85%20%D9%86%D9%88%D8%B1&query_place_id=ChIJ_Ve4eK1XWBQRHbI77Rb9js8,True,Open,6th of October City
مطعم كريـب روما,ChIJC2CYCQBVWBQRAfggZ4ZdahA,Restaurant,Restaurant,"امام سنتر ودي الملوك, Dolci، القاهرة 3225247, Egypt",6th of October City (2),Not provided,"امام سنتر ودي الملوك, Dolci",3225247,29.9417524,30.9191813,5.0,4,4,0,0,0,0,+20 11 07717288,Not provided,False,False,True,False,مطعم,7,2026-09-23T10:03:07.096Z,18,https://www.google.com/maps/search/?api=1&query=%D9%85%D8%B7%D8%B9%D9%85%20%D9%83%D8%B1%D9%8A%D9%80%D8%A8%20%D8%B1%D9%88%D9%85%D8%A7&query_place_id=ChIJC2CYCQBVWBQRAfggZ4ZdahA,True,Open,6th of October City
كبده و مخ ابو زيدان,ChIJtSxwQwBVWBQRTHrk3XX2DLM,Western restaurant,Western restaurant,"WWR7+QW8, Street 2, 6th of October City (2), Giza Governorate 3225153, Egypt",6th of October City (2),Not provided,"WWR7+QW8, Street 2",3225153,29.9419148,30.9148392,5.0,7,7,0,0,0,0,+20 11 23223043,Not provided,False,False,True,False,مطعم,8,2026-09-23T10:03:07.096Z,11,https://www.google.com/maps/search/?api=1&query=%D9%83%D8%A8%D8%AF%D9%87%20%D9%88%20%D9%85%D8%AE%20%D8%A7%D8%A8%D9%88%20%D8%B2%D9%8A%D8%AF%D8%A7%D9%86&query_place_id=ChIJtSxwQwBVWBQRTHrk3XX2DLM,True,Open,6th of October City
مطعم فول محارب,ChIJ8-GPWvFXWBQRlfzJalZLEuI,Restaurant,Restaurant,"1701 Abd El-Salam Amin, First 6th of October, 6th of October City (2), Giza Governorate 3226224, Egypt",6th of October City (2),First 6th of October,1701 Abd El-Salam Amin,,29.9487966,30.9392535,4.4,98,59,22,11,5,1,+20 11 22622687,Not provided,False,False,True,False,مطعم,10,2026-09-23T10:03:07.097Z,72,https://www.google.com/maps/search/?api=1&query=%D9%85%D8%B7%D8%B9%D9%85%20%D9%81%D9%88%D9%84%20%D9%85%D8%AD%D8%A7%D8%B1%D8%A8&query_place_id=ChIJ8-GPWvFXWBQRlfzJalZLEuI,True,Open,6th of October City
مطعم 4u,ChIJWYeocjpXWBQRqhGVOuLjnZw,Fast food restaurant,Fast food restaurant,"عبد السلام أمين، قسم أول 6 أكتوبر، اول 6 أكتوبر، الجيزة،, Egypt",6th of October City (2),First 6th of October,عبد السلام أمين، قسم أول 6 أكتوبر، اول 6 أكتوبر، الجيزة،,,29.9488907,30.9390091,4.5,107,77,16,7,4,3,+20 10 21320416,Not provided,False,False,True,False,مطعم,11,2026-09-23T10:03:07.097Z,119,https://www.google.com/maps/search/?api=1&query=%D9%85%D8%B7%D8%B9%D9%85%204u&query_place_id=ChIJWYeocjpXWBQRqhGVOuLjnZw,True,Open,6th of October City
مطعم عيش وملح للاكل البيتي وتوريد الوجبات الجاهزة,ChIJIwxjrQ5VWBQRR8lM0Twr5TU,Restaurant,Restaurant,"الشارع الفاصل بين الخامس والسادس، عماره 80, First 6th of October, 6th of October City (2), Giza Governorate 3225287, Egypt",6th of October City (2),First 6th of October,الشارع الفاصل بين الخامس والسادس، عماره 80,,29.9406577,30.9244471,5.0,7,7,0,0,0,0,+20 11 11316675,https://www.facebook.com/profile.php?id=100063820283649,False,False,True,False,مطعم,12,2026-09-23T10:03:07.097Z,57,https://www.google.com/maps/search/?api=1&query=%D9%85%D8%B7%D8%B9%D9%85%20%D8%B9%D9%8A%D8%B4%20%D9%88%D9%85%D9%84%D8%AD%20%D9%84%D9%84%D8%A7%D9%83%D9%84%20%D8%A7%D9%84%D8%A8%D9%8A%D8%AA%D9%8A%20%D9%88%D8%AA%D9%88%D8%B1%D9%8A%D8%AF%20%D8%A7%D9%84%D9%88%D8%AC%D8%A8%D8%A7%D8%AA%20%D8%A7%D9%84%D8%AC%D8%A7%D9%87%D8%B2%D8%A9&query_place_id=ChIJIwxjrQ5VWBQRR8lM0Twr5TU,True,Open,6th of October City
عبود الدمشقي,ChIJUwbV05tVWBQR-u5_HcJg8z0,Syrian restaurant,Syrian restaurant,"El-Tahrir Rd, First 6th of October, 6th of October City (2), Giza Governorate 3225282, Egypt",6th of October City (2),First 6th of October,El-Tahrir Rd,,29.941782,30.9235064,4.0,227,125,40,23,9,30,+20 10 10900747,Not provided,False,False,True,False,مطعم,13,2026-09-23T10:03:07.097Z,23,https://www.google.com/maps/search/?api=1&query=%D8%B9%D8%A8%D9%88%D8%AF%20%D8%A7%D9%84%D8%AF%D9%85%D8%B4%D9%82%D9%8A&query_place_id=ChIJUwbV05tVWBQR-u5_HcJg8z0,True,Open,6th of October City
مشويات القدس,ChIJRf8opFhVWBQR_w2OAXFFA2E,Restaurant,Restaurant,"مدينة السادس من أكتوبر, First 6th of October, 6th of October City (2), Giza Governorate, Egypt",6th of October City (2),First 6th of October,مدينة السادس من أكتوبر,,29.9423096,30.9327675,4.1,76,45,15,7,0,9,+20 10 69986100,Not provided,False,False,True,False,مطعم,14,2026-09-23T10:03:07.097Z,10,https://www.google.com/maps/search/?api=1&query=%D9%85%D8%B4%D9%88%D9%8A%D8%A7%D8%AA%20%D8%A7%D9%84%D9%82%D8%AF%D8%B3&query_place_id=ChIJRf8opFhVWBQR_w2OAXFFA2E,True,Open,6th of October City
جزارة و كبابجي أبو حمزة,ChIJ-6DZ2WxXWBQRBUKt1oT1Jzs,Barbecue restaurant,Barbecue restaurant,"عمارة 1375, Mohmmed Imad Rageb - Al Tahrir St, First 6th of October, 6th of October City (2), Giza Governorate 12566, Egypt",6th of October City (2),First 6th of October,"عمارة 1375, Mohmmed Imad Rageb - Al Tahrir St",12566,29.9503276,30.9306304,5.0,2,2,0,0,0,0,+20 11 13337030,Not provided,False,False,True,False,مطعم,15,2026-09-23T10:03:07.097Z,2,https://www.google.com/maps/search/?api=1&query=%D8%AC%D8%B2%D8%A7%D8%B1%D8%A9%20%D9%88%20%D9%83%D8%A8%D8%A7%D8%A8%D8%AC%D9%8A%20%D8%A3%D8%A8%D9%88%20%D8%AD%D9%85%D8%B2%D8%A9&query_place_id=ChIJ-6DZ2WxXWBQRBUKt1oT1Jzs,True,Open,6th of October City
بروستد الدجاجه,ChIJNyQgMABVWBQRhGls02B2k40,Restaurant,Restaurant,"امام مول رنين, ميدان فودافون, 6th of October City (2), Giza Governorate 3225302, Egypt",6th of October City (2),Not provided,"امام مول رنين, ميدان فودافون",,29.9484968,30.9147545,4.5,14,12,0,0,1,1,+20 11 54706262,http://www.eldgaga.com/,False,False,True,False,مطعم,17,2026-09-23T10:03:07.097Z,37,https://www.google.com/maps/search/?api=1&query=%D8%A8%D8%B1%D9%88%D8%B3%D8%AA%D8%AF%20%D8%A7%D9%84%D8%AF%D8%AC%D8%A7%D8%AC%D9%87&query_place_id=ChIJNyQgMABVWBQRhGls02B2k40,True,Open,6th of October City
مطعم ابن الوليد,ChIJv1IOYDhXWBQRefKRwVfAWbk,Restaurant,Restaurant,"الحي الرابع،, 6th of October City (2), Giza Governorate, Egypt",6th of October City (2),First 6th of October,الحي الرابع،,,29.9504661,30.9308099,3.9,275,150,43,31,6,45,+20 11 56026350,https://www.facebook.com/profile.php?id=100089631794430&mibextid=ZbWKwL,False,False,True,False,مطعم,18,2026-09-23T10:03:07.097Z,72,https://www.google.com/maps/search/?api=1&query=%D9%85%D8%B7%D8%B9%D9%85%20%D8%A7%D8%A8%D9%86%20%D8%A7%D9%84%D9%88%D9%84%D9%8A%D8%AF&query_place_id=ChIJv1IOYDhXWBQRefKRwVfAWbk,True,Open,6th of October City
مطعم البيت بيتك,ChIJ05-FqSRXWBQR-wsfKNVxJBA,Barbecue restaurant,Barbecue restaurant,"1390 Mohmmed Imad Rageb - Al Tahrir St, First 6th of October, Giza Governorate 3225813, Egypt",First 6th of October,First 6th of October,1390 Mohmmed Imad Rageb - Al Tahrir St,3225813,29.9517287,30.9350037,4.3,39,28,3,3,1,4,+20 10 21533616,Not provided,False,False,True,False,مطعم,20,2026-09-23T10:03:07.098Z,114,https://www.google.com/maps/search/?api=1&query=%D9%85%D8%B7%D8%B9%D9%85%20%D8%A7%D9%84%D8%A8%D9%8A%D8%AA%20%D8%A8%D9%8A%D8%AA%D9%83&query_place_id=ChIJ05-FqSRXWBQR-wsfKNVxJBA,True,Open,6th of October City
Toscanini,ChIJ8-o8LwBVWBQR97erR6pzBhA,Fast food restaurant,Fast food restaurant,"WWQG+2VM, First 6th of October, 6th of October City (2), Giza Governorate 3225523, Egypt",6th of October City (2),First 6th of October,WWQG+2VM,,29.9375984,30.9271708,,0,0,0,0,0,0,Not provided,Not provided,False,False,,False,restaurant,61,2026-09-23T10:03:07.687Z,0,https://www.google.com/maps/search/?api=1&query=Toscanini&query_place_id=ChIJ8-o8LwBVWBQR97erR6pzBhA,False,Unknown,6th of October City
أسماك الصفوة مأكولات بحرية,ChIJy6y_BOZVWBQROtCPo9zspM4,Seafood restaurant,Seafood restaurant,"48 Ahmed Lotfy El-Sayed, 6th of October City (2), Giza Governorate 3225136, Egypt",6th of October City (2),Not provided,48 Ahmed Lotfy El-Sayed,,29.9405227,30.9133094,2.6,5,0,2,1,0,2,+20 11 45830899,Not provided,False,False,True,False,restaurant,62,2026-09-23T10:03:07.688Z,0,https://www.google.com/maps/search/?api=1&query=%D8%A3%D8%B3%D9%85%D8%A7%D9%83%20%D8%A7%D9%84%D8%B5%D9%81%D9%88%D8%A9%20%D9%85%D8%A3%D9%83%D9%88%D9%84%D8%A7%D8%AA%20%D8%A8%D8%AD%D8%B1%D9%8A%D8%A9&query_place_id=ChIJy6y_BOZVWBQROtCPo9zspM4,True,Open,6th of October City
مطعم الهرم الرابع,ChIJ_0WYboNVWBQRZK2HGkMONiQ,Restaurant,Restaurant,"993 Street 25, First 6th of October, 6th of October City (2), Giza Governorate 3225430, Egypt",6th of October City (2),First 6th of October,993 Street 25,,29.9477118,30.9224431,1.0,1,0,0,0,0,1,+20 11 00682508,Not provided,False,False,,False,restaurant,63,2026-09-23T10:03:07.688Z,0,https://www.google.com/maps/search/?api=1&query=%D9%85%D8%B7%D8%B9%D9%85%20%D8%A7%D9%84%D9%87%D8%B1%D9%85%20%D8%A7%D9%84%D8%B1%D8%A7%D8%A8%D8%B9&query_place_id=ChIJ_0WYboNVWBQRZK2HGkMONiQ,True,Unknown,6th of October City
عم رجب,ChIJPZAWdgBVWBQRG0FEoulEe70,Breakfast restaurant,Breakfast restaurant,"WWPJ+VP7, First 6th of October, 6th of October City (2), Giza Governorate 3226161, Egypt",6th of October City (2),First 6th of October,WWPJ+VP7,,29.9371553,30.9317902,3.7,3,2,0,0,0,1,+20 10 03521245,Not provided,False,False,False,False,restaurant,64,2026-09-23T10:03:07.688Z,0,https://www.google.com/maps/search/?api=1&query=%D8%B9%D9%85%20%D8%B1%D8%AC%D8%A8&query_place_id=ChIJPZAWdgBVWBQRG0FEoulEe70,True,Closed,6th of October City
مطعم زغللة ٢,ChIJxQ6E0txVWBQRWwxiqCs70gQ,Fast food restaurant,Fast food restaurant,"٦٤ مجاوره، ٤ اكتوبر, Giza Governorate, Egypt",6th of October City (2),Not provided,٦٤ مجاوره، ٤ اكتوبر,,29.9381893,30.9223455,3.7,7,3,1,2,0,1,+20 11 52200484,Not provided,False,False,True,False,restaurant,65,2026-09-23T10:03:07.688Z,2,https://www.google.com/maps/search/?api=1&query=%D9%85%D8%B7%D8%B9%D9%85%20%D8%B2%D8%BA%D9%84%D9%84%D8%A9%20%D9%A2&query_place_id=ChIJxQ6E0txVWBQRWwxiqCs70gQ,True,Open,6th of October City
مطعم ابو رحاب,ChIJF3WVIexVWBQRtuQeOODVGlE,Restaurant,Restaurant,"12-3, Ibrahim Abd Al Kader Al Mazni - Al Issaaf, 6th of October City (2), Giza Governorate 3225220, Egypt",6th of October City (2),Not provided,"12-3, Ibrahim Abd Al Kader Al Mazni - Al Issaaf",,29.9403188,30.9163449,4.0,34,20,5,2,2,5,+20 11 55286711,Not provided,False,False,,False,مطعم,23,2026-09-23T10:03:08.752Z,2,https://www.google.com/maps/search/?api=1&query=%D9%85%D8%B7%D8%B9%D9%85%20%D8%A7%D8%A8%D9%88%20%D8%B1%D8%AD%D8%A7%D8%A8&query_place_id=ChIJF3WVIexVWBQRtuQeOODVGlE,True,Unknown,6th of October City
Haty Abou Hamza,ChIJZXwxb-dVWBQRH74XkXt3tQg,Restaurant,Restaurant,"50 Ahmed Lotfy El-Sayed, 6th of October City (2), Giza Governorate 3225136, Egypt",6th of October City (2),Not provided,50 Ahmed Lotfy El-Sayed,3225136,29.9407931,30.9130456,3.8,93,48,10,19,2,14,+20 2 38326887,Not provided,False,False,,False,مطعم,24,2026-09-23T10:03:08.752Z,22,https://www.google.com/maps/search/?api=1&query=Haty%20Abou%20Hamza&query_place_id=ChIJZXwxb-dVWBQRH74XkXt3tQg,True,Unknown,6th of October City
مطعم نعمه,ChIJbbR1kqxVWBQRIskJoHCgWKI,Restaurant,Restaurant,"شارع الكهرباء، قسم أول 6 أكتوبر، اول 6 أكتوبر، الجيزة،، أبو الوفا, Egypt",6th of October City (2),First 6th of October,شارع الكهرباء، قسم أول 6 أكتوبر، اول 6 أكتوبر، الجيزة،، أبو الوفا,,29.9404515,30.937379,3.7,31,15,6,3,1,6,+20 11 13943922,Not provided,False,False,,False,مطعم,27,2026-09-23T10:03:08.752Z,14,https://www.google.com/maps/search/?api=1&query=%D9%85%D8%B7%D8%B9%D9%85%20%D9%86%D8%B9%D9%85%D9%87&query_place_id=ChIJbbR1kqxVWBQRIskJoHCgWKI,True,Unknown,6th of October City
مطعم حضرموت الياسمين,ChIJvXUWn9ZVWBQRLhNcxYx752k,Restaurant,Restaurant,"شارع كمبوند الياسمين, First 6th of October, 6th of October City (2), Giza Governorate 3226136, Egypt",6th of October City (2),First 6th of October,شارع كمبوند الياسمين,3226136,29.9361793,30.9281253,3.8,6,3,0,2,1,0,+20 11 51707076,https://www.facebook.com/profile.php?id=100093494822228&mibextid=ZbWKwL,False,False,True,False,مطعم,28,2026-09-23T10:03:08.753Z,1,https://www.google.com/maps/search/?api=1&query=%D9%85%D8%B7%D8%B9%D9%85%20%D8%AD%D8%B6%D8%B1%D9%85%D9%88%D8%AA%20%D8%A7%D9%84%D9%8A%D8%A7%D8%B3%D9%85%D9%8A%D9%86&query_place_id=ChIJvXUWn9ZVWBQRLhNcxYx752k,True,Open,6th of October City
مطعم طاحون فول فلافل,ChIJQ3g6TslVWBQRqWztYlzV5RI,Restaurant,Restaurant,"مجاورة3، 31شارع, Dolci, Egypt",6th of October City (2),Not provided,"مجاورة3، 31شارع, Dolci",,29.9383509,30.9225809,3.9,42,17,9,11,3,2,+20 11 44435254,Not provided,False,False,True,False,مطعم,30,2026-09-23T10:03:08.753Z,2,https://www.google.com/maps/search/?api=1&query=%D9%85%D8%B7%D8%B9%D9%85%20%D8%B7%D8%A7%D8%AD%D9%88%D9%86%20%D9%81%D9%88%D9%84%20%D9%81%D9%84%D8%A7%D9%81%D9%84&query_place_id=ChIJQ3g6TslVWBQRqWztYlzV5RI,True,Open,6th of October City
فول وفلال سمسمه,ChIJHUGyhAZVWBQR9P4Udp9Q3zQ,Restaurant,Restaurant,"WWRF+7QF، الفاصل بين الحي الخامس والسادس, Street 36, First 6th of October, 6th of October City (2), Giza Governorate 12211, Egypt",6th of October City (2),First 6th of October,"WWRF+7QF، الفاصل بين الحي الخامس والسادس, Street 36",12211,29.9406724,30.9244342,3.3,12,6,1,0,1,4,+20 10 98092317,Not provided,False,False,True,False,مطعم,32,2026-09-23T10:03:08.753Z,7,https://www.google.com/maps/search/?api=1&query=%D9%81%D9%88%D9%84%20%D9%88%D9%81%D9%84%D8%A7%D9%84%20%D8%B3%D9%85%D8%B3%D9%85%D9%87&query_place_id=ChIJHUGyhAZVWBQR9P4Udp9Q3zQ,True,Open,6th of October City
مطعم فول وفلافل اولاد مبروك,ChIJBYrewC1VWBQRif1SxirM1Kw,Restaurant,Restaurant,"شارع عمارات ابو الوفا، قسم أول 6 أكتوبر، اول 6 أكتوبر، الجيزة،, Giza Governorate, Egypt",6th of October City (2),First 6th of October,شارع عمارات ابو الوفا، قسم أول 6 أكتوبر، اول 6 أكتوبر، الجيزة،,,29.9418475,30.9330144,4.2,9,6,1,1,0,1,Not provided,Not provided,False,False,True,False,مطعم,34,2026-09-23T10:03:08.753Z,12,https://www.google.com/maps/search/?api=1&query=%D9%85%D8%B7%D8%B9%D9%85%20%D9%81%D9%88%D9%84%20%D9%88%D9%81%D9%84%D8%A7%D9%81%D9%84%20%D8%A7%D9%88%D9%84%D8%A7%D8%AF%20%D9%85%D8%A8%D8%B1%D9%88%D9%83&query_place_id=ChIJBYrewC1VWBQRif1SxirM1Kw,True,Open,6th of October City
مطعم أبو حمزة,ChIJldqA4XBVWBQRADx-wzypqBA,Restaurant,Restaurant,"WWRM+W28, First 6th of October, 6th of October City (2), Giza Governorate 3226205, Egypt",6th of October City (2),First 6th of October,WWRM+W28,,29.9422885,30.9325732,3.1,16,5,4,1,0,6,+20 11 41194913,Not provided,False,False,,False,مطعم,35,2026-09-23T10:03:08.753Z,44,https://www.google.com/maps/search/?api=1&query=%D9%85%D8%B7%D8%B9%D9%85%20%D8%A3%D8%A8%D9%88%20%D8%AD%D9%85%D8%B2%D8%A9&query_place_id=ChIJldqA4XBVWBQRADx-wzypqBA,True,Unknown,6th of October City
مطعم جدو حامد,ChIJEX8kQgBVWBQRtf5lJoI6Z50,Snack bar,Snack bar,"بجوار اسماك التوحيد، سوق السادس متفرع من, Ibrahim Al Mazni - Al Akhbar, Giza Governorate, Egypt",6th of October City (2),Not provided,"بجوار اسماك التوحيد، سوق السادس متفرع من, Ibrahim Al Mazni - Al Akhbar",,29.9404395,30.9144375,,0,0,0,0,0,0,+20 11 20422912,Not provided,False,False,True,False,مطعم,38,2026-09-23T10:03:08.753Z,17,https://www.google.com/maps/search/?api=1&query=%D9%85%D8%B7%D8%B9%D9%85%20%D8%AC%D8%AF%D9%88%20%D8%AD%D8%A7%D9%85%D8%AF&query_place_id=ChIJEX8kQgBVWBQRtf5lJoI6Z50,False,Open,6th of October City
مطعم ابو عبده,ChIJmZcF2-hVWBQRHKADaNTPnSc,Restaurant,Restaurant,"122 Ibrahim Al Mazni - Al Akhbar, 6th of October City (2), Giza Governorate 12115, Egypt",6th of October City (2),Not provided,122 Ibrahim Al Mazni - Al Akhbar,12115,29.9379766,30.9139678,,0,0,0,0,0,0,+20 11 20233379,Not provided,False,False,True,False,مطعم,48,2026-09-23T10:03:09.937Z,0,https://www.google.com/maps/search/?api=1&query=%D9%85%D8%B7%D8%B9%D9%85%20%D8%A7%D8%A8%D9%88%20%D8%B9%D8%A8%D8%AF%D9%87&query_place_id=ChIJmZcF2-hVWBQRHKADaNTPnSc,False,Open,6th of October City
مطعم ام انس,ChIJMUgGSABVWBQRfoP2MiFKMjc,Restaurant,Restaurant,"WWR7+HQC, 6th of October City (2), Giza Governorate 3225153, Egypt",6th of October City (2),Not provided,WWR7+HQC,,29.9414474,30.9144048,,0,0,0,0,0,0,Not provided,Not provided,False,False,,False,مطعم,51,2026-09-23T10:03:09.937Z,0,https://www.google.com/maps/search/?api=1&query=%D9%85%D8%B7%D8%B9%D9%85%20%D8%A7%D9%85%20%D8%A7%D9%86%D8%B3&query_place_id=ChIJMUgGSABVWBQRfoP2MiFKMjc,False,Unknown,6th of October City
مطعم كشري وحلواني الزعيم..اداره المعلم عزمي ربيع..,ChIJRwWOaphVWBQRgRPof3wpEPo,Restaurant,Restaurant,"6th of October City (2), Giza Governorate 3225154, Egypt",6th of October City (2),Not provided,Not provided,,29.941757,30.9152081,,0,0,0,0,0,0,+20 11 12009995,Not provided,False,False,,False,مطعم,55,2026-09-23T10:03:09.937Z,1,https://www.google.com/maps/search/?api=1&query=%D9%85%D8%B7%D8%B9%D9%85%20%D9%83%D8%B4%D8%B1%D9%8A%20%D9%88%D8%AD%D9%84%D9%88%D8%A7%D9%86%D9%8A%20%D8%A7%D9%84%D8%B2%D8%B9%D9%8A%D9%85..%D8%A7%D8%AF%D8%A7%D8%B1%D9%87%20%D8%A7%D9%84%D9%85%D8%B9%D9%84%D9%85%20%D8%B9%D8%B2%D9%85%D9%8A%20%D8%B1%D8%A8%D9%8A%D8%B9..&query_place_id=ChIJRwWOaphVWBQRgRPof3wpEPo,False,Unknown,6th of October City
حاتى انس,ChIJ02CkDrlXWBQRhH69DVkM8W0,Restaurant,Restaurant,"XXJJ+J5W، سنتر رامو, Giza Governorate 12548, Egypt",First 6th of October,First 6th of October,XXJJ+J5W، سنتر رامو,12548,29.9816086,30.980467,4.3,114,79,14,9,5,7,+20 2 38837660,Not provided,False,False,True,False,مطعم,5,2026-09-23T10:03:11.433Z,21,https://www.google.com/maps/search/?api=1&query=%D8%AD%D8%A7%D8%AA%D9%89%20%D8%A7%D9%86%D8%B3&query_place_id=ChIJ02CkDrlXWBQRhH69DVkM8W0,True,Open,6th of October City
Fish & Hook,ChIJMxKzxy5XWBQR3ReBRvWga7w,Seafood restaurant,Seafood restaurant,"XXJJ+F4W Ramo Mall, ميدان رامو, First 6th of October, Giza Governorate 3237301, Egypt",First 6th of October,First 6th of October,"XXJJ+F4W Ramo Mall, ميدان رامو",,29.9812396,30.9803388,4.0,113,63,22,11,0,17,+20 10 03075600,Not provided,False,False,True,False,مطعم,7,2026-09-23T10:03:11.433Z,11,https://www.google.com/maps/search/?api=1&query=Fish%20%26%20Hook&query_place_id=ChIJMxKzxy5XWBQR3ReBRvWga7w,True,Open,6th of October City
McDonald's ADNOC,ChIJo2mYAgBRWBQRKao2XdkZBd0,Fast food restaurant,Fast food restaurant,"محطة أدنوك, Adnoc Gas Station, El Wahat Rd, Giza Governorate, Egypt",6th of October City (3),First 6th of October,"محطة أدنوك, Adnoc Gas Station, El Wahat Rd",,29.974362,30.990184,3.7,9,6,0,0,0,3,+20 2 21600377,https://www.mcdelivery.eg/,False,False,True,False,مطعم,10,2026-09-23T10:03:11.434Z,0,https://www.google.com/maps/search/?api=1&query=McDonald's%20ADNOC&query_place_id=ChIJo2mYAgBRWBQRKao2XdkZBd0,True,Open,6th of October City
Buffalo & Soda | بافلو اند صودا,ChIJ7ZysZgBXWBQR_SsxvhzkWKg,Restaurant,Restaurant,"عبد الخالق ثروت، طريق لفندق, First 6th of October, Giza Governorate 3237301, Egypt",First 6th of October,طريق لفندق,عبد الخالق ثروت,,29.9809769,30.9804142,4.8,38,33,3,1,1,0,+20 11 12221770,Not provided,False,False,True,False,food ,4,2026-09-23T10:03:15.240Z,96,https://www.google.com/maps/search/?api=1&query=Buffalo%20%26%20Soda%20%7C%20%D8%A8%D8%A7%D9%81%D9%84%D9%88%20%D8%A7%D9%86%D8%AF%20%D8%B5%D9%88%D8%AF%D8%A7&query_place_id=ChIJ7ZysZgBXWBQR_SsxvhzkWKg,True,Open,6th of October City
TBS - The Bakery Shop,ChIJ0Yi9jkdRWBQRGFtX26s6RUA,Bakery,Bakery,"XXFR+Q47, First 6th of October, 6th of October City (3), Giza Governorate 3280001, Egypt",6th of October City (3),First 6th of October,XXFR+Q47,3280001,29.9744033,30.9902993,4.3,226,136,44,30,8,8,+20 12 23727297,http://www.tbsfresh.com/,False,False,True,False,food ,13,2026-09-23T10:03:15.241Z,17,https://www.google.com/maps/search/?api=1&query=TBS%20-%20The%20Bakery%20Shop&query_place_id=ChIJ0Yi9jkdRWBQRGFtX26s6RUA,True,Open,6th of October City
Hala Cafe - هلا كافيه,ChIJrTXmNwBXWBQRBlm5W0ZLRYM,Coffee shop,Coffee shop,"WWXW+GCV, First 6th of October, Giza Governorate 3233120, Egypt",First 6th of October,First 6th of October,WWXW+GCV,3233120,29.9491374,30.9499441,4.2,123,86,12,5,4,16,Not provided,Not provided,False,False,True,False,food ,1,2026-09-23T10:03:15.741Z,135,https://www.google.com/maps/search/?api=1&query=Hala%20Cafe%20-%20%D9%87%D9%84%D8%A7%20%D9%83%D8%A7%D9%81%D9%8A%D9%87&query_place_id=ChIJrTXmNwBXWBQRBlm5W0ZLRYM,True,Open,6th of October City
Team FooD,ChIJncXlUoRVWBQRW-Gaho6nOwo,Restaurant,Restaurant,"شارع الكهرباء, 6th of October City (2), Giza Governorate 3226130, Egypt",6th of October City (2),Not provided,شارع الكهرباء,,29.9349262,30.92353,4.3,6,5,0,0,0,1,+20 11 53613987,https://www.facebook.com/120156356053532/posts/120167719385729/?substory_index=3,False,False,False,False,food ,2,2026-09-23T10:03:15.741Z,1,https://www.google.com/maps/search/?api=1&query=Team%20FooD&query_place_id=ChIJncXlUoRVWBQRW-Gaho6nOwo,True,Closed,6th of October City
MSA Food Court,ChIJv_oW4PFXWBQRogDJAYSbDXA,Food court,Food court,"XX54+5RM, First 6th of October, Giza Governorate 3233510, Egypt",First 6th of October,First 6th of October,XX54+5RM,,29.957883,30.9569998,4.7,3,2,1,0,0,0,Not provided,Not provided,False,False,,False,food ,7,2026-09-23T10:03:15.742Z,1,https://www.google.com/maps/search/?api=1&query=MSA%20Food%20Court&query_place_id=ChIJv_oW4PFXWBQRogDJAYSbDXA,True,Unknown,6th of October City
Lagarta cafe,ChIJ18udEuhVWBQRSZSZZgjYqos,Coffee shop,Coffee shop,"85 Street 48, First 6th of October, 6th of October City (2), Giza Governorate 3225531, Egypt",6th of October City (2),First 6th of October,85 Street 48,,29.9415645,30.9287247,3.0,4,2,0,0,0,2,Not provided,Not provided,False,False,True,False,food ,22,2026-09-23T10:03:16.390Z,1,https://www.google.com/maps/search/?api=1&query=Lagarta%20cafe&query_place_id=ChIJ18udEuhVWBQRSZSZZgjYqos,True,Open,6th of October City
العيش,ChIJK-NcIWxVWBQRowEuuE-j3zw,Bakery,Bakery,"اول 6, شارع عمارات ابو الوفا،, قسم أول 6 أكتوبر،, أكتوبر، الجيزة،, قسم أول 6, Giza Governorate 3226205, Egypt",قسم أول 6,First 6th of October,"اول 6, شارع عمارات ابو الوفا،, قسم أول 6 أكتوبر،, أكتوبر، الجيزة،",3226205,29.9421086,30.9323508,4.0,3,1,1,1,0,0,Not provided,Not provided,False,False,,False,food ,25,2026-09-23T10:03:16.390Z,0,https://www.google.com/maps/search/?api=1&query=%D8%A7%D9%84%D8%B9%D9%8A%D8%B4&query_place_id=ChIJK-NcIWxVWBQRowEuuE-j3zw,True,Unknown,6th of October City
Hh,ChIJozc6TABVWBQRt3rGKCRqi4A,Bakery,Bakery,"WWRQ+FCM, Al-Kahraba St, First 6th of October, 6th of October City (2), Giza Governorate 3227505, Egypt",6th of October City (2),First 6th of October,"WWRQ+FCM, Al-Kahraba St",3227505,29.9412194,30.9385335,5.0,1,1,0,0,0,0,Not provided,Not provided,False,False,,False,food ,26,2026-09-23T10:03:16.390Z,0,https://www.google.com/maps/search/?api=1&query=Hh&query_place_id=ChIJozc6TABVWBQRt3rGKCRqi4A,True,Unknown,6th of October City
مطعم تندورى على الحطب,ChIJUww3zTxXWBQRjJtI4nlNMZ8,Restaurant,Restaurant,"سنتر البستان, Al-Kahraba St, First 6th of October, 6th of October City (2), Giza Governorate 12566, Egypt",6th of October City (2),First 6th of October,"سنتر البستان, Al-Kahraba St",12566,29.9485453,30.9393467,4.3,8,5,2,0,0,1,+20 10 32338021,Not provided,False,True,False,False,food ,27,2026-09-23T10:03:16.390Z,46,https://www.google.com/maps/search/?api=1&query=%D9%85%D8%B7%D8%B9%D9%85%20%D8%AA%D9%86%D8%AF%D9%88%D8%B1%D9%89%20%D8%B9%D9%84%D9%89%20%D8%A7%D9%84%D8%AD%D8%B7%D8%A8&query_place_id=ChIJUww3zTxXWBQRjJtI4nlNMZ8,True,Closed,6th of October City
NOON CAFE,ChIJzwdTQgBVWBQRg34N2q1hFmU,Restaurant,Restaurant,"13 Al-Kahraba St, First 6th of October, 6th of October City (2), Giza Governorate 3227510, Egypt",6th of October City (2),First 6th of October,13 Al-Kahraba St,,29.9420743,30.9390919,,0,0,0,0,0,0,Not provided,Not provided,False,False,,False,food ,28,2026-09-23T10:03:16.390Z,0,https://www.google.com/maps/search/?api=1&query=NOON%20CAFE&query_place_id=ChIJzwdTQgBVWBQRg34N2q1hFmU,False,Unknown,6th of October City
كافيه السعيد,ChIJp1z3rFpVWBQRc-kG1KHNI7k,Cafe,Cafe,"WWVM+222, First 6th of October, 6th of October City (2), Giza Governorate 3226205, Egypt",6th of October City (2),First 6th of October,WWVM+222,,29.9425069,30.9325302,3.4,5,2,1,0,1,1,Not provided,Not provided,False,False,,False,food ,29,2026-09-23T10:03:16.391Z,0,https://www.google.com/maps/search/?api=1&query=%D9%83%D8%A7%D9%81%D9%8A%D9%87%20%D8%A7%D9%84%D8%B3%D8%B9%D9%8A%D8%AF&query_place_id=ChIJp1z3rFpVWBQRc-kG1KHNI7k,True,Unknown,6th of October City
قهوة جيمي,ChIJzbPaMrZVWBQR1Itwj3GmnXM,Coffee shop,Coffee shop,"WWRG+8QM, First 6th of October, 6th of October City (2), Giza Governorate 3225525, Egypt",6th of October City (2),First 6th of October,WWRG+8QM,,29.9408981,30.9270196,3.7,6,4,0,0,0,2,Not provided,Not provided,False,False,,False,food ,30,2026-09-23T10:03:16.391Z,5,https://www.google.com/maps/search/?api=1&query=%D9%82%D9%87%D9%88%D8%A9%20%D8%AC%D9%8A%D9%85%D9%8A&query_place_id=ChIJzbPaMrZVWBQR1Itwj3GmnXM,True,Unknown,6th of October City
اسماك حميدو,ChIJ9YDQZABVWBQRdFKgZILvuUY,Fish restaurant,Fish restaurant,"1863 Street 15, First 6th of October, 6th of October City (2), Giza Governorate 3225510, Egypt",6th of October City (2),First 6th of October,1863 Street 15,,29.9458443,30.9284549,4.7,31,28,1,0,1,1,+20 11 43711115,Not provided,False,False,True,False,food ,1,2026-09-23T10:03:18.426Z,47,https://www.google.com/maps/search/?api=1&query=%D8%A7%D8%B3%D9%85%D8%A7%D9%83%20%D8%AD%D9%85%D9%8A%D8%AF%D9%88&query_place_id=ChIJ9YDQZABVWBQRdFKgZILvuUY,True,Open,6th of October City
مخبوزات وحلواني الزعيم,ChIJ1-uVAGlVWBQRAthI0z8pbBg,Restaurant,Restaurant,"68 Zaki Naguib Mahmoud, 6th of October City (2), Giza Governorate 3225291, Egypt",6th of October City (2),Not provided,68 Zaki Naguib Mahmoud,,29.9386587,30.9242252,4.5,15,11,1,3,0,0,Not provided,Not provided,False,False,True,False,food ,3,2026-09-23T10:03:18.426Z,1,https://www.google.com/maps/search/?api=1&query=%D9%85%D8%AE%D8%A8%D9%88%D8%B2%D8%A7%D8%AA%20%D9%88%D8%AD%D9%84%D9%88%D8%A7%D9%86%D9%8A%20%D8%A7%D9%84%D8%B2%D8%B9%D9%8A%D9%85&query_place_id=ChIJ1-uVAGlVWBQRAthI0z8pbBg,True,Open,6th of October City
Fatma coffee - بن فاطمة,ChIJ2fmSDt5XWBQRMHqwR5fgmgE,Coffee store,Coffee store,"العقد التاني, Street 22, First 6th of October, اكتوبر, Giza Governorate 3225422, Egypt",اكتوبر,First 6th of October,"العقد التاني, Street 22",,29.9489235,30.9208337,5.0,26,26,0,0,0,0,+20 10 44057024,Not provided,False,False,True,False,food ,4,2026-09-23T10:03:18.426Z,9,https://www.google.com/maps/search/?api=1&query=Fatma%20coffee%20-%20%D8%A8%D9%86%20%D9%81%D8%A7%D8%B7%D9%85%D8%A9&query_place_id=ChIJ2fmSDt5XWBQRMHqwR5fgmgE,True,Open,6th of October City
Fast Gourmet,ChIJMQzmS3NVWBQREY_Iifr-vmE,Fast food restaurant,Fast food restaurant,"مول لاسيتيه خلف مسجد الحصري, Khalf Al Madrasa, 6th of October City (2), Giza Governorate 12566, Egypt",6th of October City (2),Not provided,"مول لاسيتيه خلف مسجد الحصري, Khalf Al Madrasa",12566,29.9461867,30.9080059,4.9,27,25,2,0,0,0,+20 10 80629149,https://www.instagram.com/_fastgourmet24/,False,False,True,False,food ,5,2026-09-23T10:03:18.426Z,4,https://www.google.com/maps/search/?api=1&query=Fast%20Gourmet&query_place_id=ChIJMQzmS3NVWBQREY_Iifr-vmE,True,Open,6th of October City
بن حجي,ChIJT1zsgv1VWBQR4lK_S3SMDs0,Coffee store,Coffee store,"84 Street 9, First 6th of October, 6th of October City (2), Giza Governorate 12563, Egypt",6th of October City (2),First 6th of October,84 Street 9,12563,29.9416222,30.9234568,4.8,5,4,1,0,0,0,+20 10 17790666,Not provided,False,False,True,False,food ,7,2026-09-23T10:03:18.427Z,5,https://www.google.com/maps/search/?api=1&query=%D8%A8%D9%86%20%D8%AD%D8%AC%D9%8A&query_place_id=ChIJT1zsgv1VWBQR4lK_S3SMDs0,True,Open,6th of October City
مخبز الربيع,ChIJNVzCp8NVWBQRS-1wwbfDTco,Bakery,Bakery,"52-53 Street 6, 6th of October City (2), Giza Governorate 3225264, Egypt",6th of October City (2),Not provided,52-53 Street 6,,29.9353342,30.9224273,4.4,662,462,97,60,13,30,+20 11 28229999,Not provided,False,False,True,False,food ,8,2026-09-23T10:03:18.427Z,25,https://www.google.com/maps/search/?api=1&query=%D9%85%D8%AE%D8%A8%D8%B2%20%D8%A7%D9%84%D8%B1%D8%A8%D9%8A%D8%B9&query_place_id=ChIJNVzCp8NVWBQRS-1wwbfDTco,True,Open,6th of October City
4U Restaurant & Cafe,ChIJE5rLCABVWBQRswwohCoYWsA,Coffee shop,Coffee shop,"عمارة رقم 74 ـ جنوب الأحياء ـ الحي الخامس ـ, Abd Al Salam Amin - Al Salam St, First 6th of October, 6th of October City (2), Giza Governorate 3226160, Egypt",6th of October City (2),First 6th of October,"عمارة رقم 74 ـ جنوب الأحياء ـ الحي الخامس ـ, Abd Al Salam Amin - Al Salam St",3226160,29.9424561,30.9304238,4.5,15,13,0,0,0,2,+20 10 27888770,Not provided,False,False,True,False,food ,10,2026-09-23T10:03:18.427Z,21,https://www.google.com/maps/search/?api=1&query=4U%20Restaurant%20%26%20Cafe&query_place_id=ChIJE5rLCABVWBQRswwohCoYWsA,True,Open,6th of October City
مخبز الربيع,ChIJGxDG6HVVWBQRE61SNOyQcc0,Bakery,Bakery,"WWRJ+VXV، شارع عمارات ابو الوفا, First 6th of October, 6th of October City (2), Giza Governorate 3226205, Egypt",6th of October City (2),First 6th of October,WWRJ+VXV، شارع عمارات ابو الوفا,,29.9422296,30.9324083,4.3,461,293,84,52,11,21,Not provided,Not provided,False,False,,False,food ,11,2026-09-23T10:03:18.427Z,20,https://www.google.com/maps/search/?api=1&query=%D9%85%D8%AE%D8%A8%D8%B2%20%D8%A7%D9%84%D8%B1%D8%A8%D9%8A%D8%B9&query_place_id=ChIJGxDG6HVVWBQRE61SNOyQcc0,True,Unknown,6th of October City
Megz coffee,ChIJV2DUh2tVWBQR84tFaST4pSU,Coffee shop,Coffee shop,"First 6th of October, 6th of October City (2), Giza Governorate 3225510, Egypt",6th of October City (2),First 6th of October,Not provided,,29.9459008,30.9282474,5.0,2,2,0,0,0,0,Not provided,Not provided,False,False,,False,food ,13,2026-09-23T10:03:18.427Z,1,https://www.google.com/maps/search/?api=1&query=Megz%20coffee&query_place_id=ChIJV2DUh2tVWBQR84tFaST4pSU,True,Unknown,6th of October City
McDonald's ChillOut Vodafone,ChIJCytHagFVWBQRHq9_6rU_2p4,Fast food restaurant,Fast food restaurant,"Vodafone Square, 6th of October ميدان فودافون، السادس من أكتوبر, Giza Governorate, Egypt",6th of October City (2),Not provided,"Vodafone Square, 6th of October ميدان فودافون، السادس من أكتوبر",,29.951296,30.911022,4.1,734,418,149,73,25,69,+20 2 21600377,https://www.mcdelivery.eg/,False,False,True,False,food ,14,2026-09-23T10:03:18.427Z,154,https://www.google.com/maps/search/?api=1&query=McDonald's%20ChillOut%20Vodafone&query_place_id=ChIJCytHagFVWBQRHq9_6rU_2p4,True,Open,6th of October City
Healthy Hub,ChIJV73CFzZVWBQR445QEdImxDo,Bakery,Bakery,"216, Egypt",6th of October City (2),First 6th of October,216,,29.9469835,30.9230869,5.0,2,2,0,0,0,0,+20 11 51300011,Not provided,False,False,,False,food ,16,2026-09-23T10:03:18.427Z,2,https://www.google.com/maps/search/?api=1&query=Healthy%20Hub&query_place_id=ChIJV73CFzZVWBQR445QEdImxDo,True,Unknown,6th of October City
